filename,label
Image_1.jpg,MOURNING CLOAK
Image_2.jpg,MOURNING CLOAK
Image_3.jpg,MOURNING CLOAK
Image_4.jpg,CLOUDED SULPHUR
Image_5.jpg,MOURNING CLOAK
Image_6.jpg,MOURNING CLOAK
Image_7.jpg,MOURNING CLOAK
Image_8.jpg,MOURNING CLOAK
Image_9.jpg,CHECQUERED SKIPPER
Image_10.jpg,MOURNING CLOAK
Image_11.jpg,VICEROY
Image_12.jpg,MOURNING CLOAK
Image_13.jpg,MOURNING CLOAK
Image_14.jpg,MOURNING CLOAK
Image_15.jpg,MOURNING CLOAK
Image_16.jpg,MOURNING CLOAK
Image_17.jpg,MOURNING CLOAK
Image_18.jpg,MOURNING CLOAK
Image_19.jpg,MOURNING CLOAK
Image_20.jpg,MOURNING CLOAK
Image_21.jpg,MOURNING CLOAK
Image_22.jpg,CLOUDED SULPHUR
Image_23.jpg,MOURNING CLOAK
Image_24.jpg,MOURNING CLOAK
Image_25.jpg,MOURNING CLOAK
Image_26.jpg,STRAITED QUEEN
Image_27.jpg,MOURNING CLOAK
Image_28.jpg,MOURNING CLOAK
Image_29.jpg,RED ADMIRAL
Image_30.jpg,MOURNING CLOAK
Image_31.jpg,MOURNING CLOAK
Image_32.jpg,MOURNING CLOAK
Image_33.jpg,MOURNING CLOAK
Image_34.jpg,MOURNING CLOAK
Image_35.jpg,MOURNING CLOAK
Image_36.jpg,MOURNING CLOAK
Image_37.jpg,MOURNING CLOAK
Image_38.jpg,MOURNING CLOAK
Image_39.jpg,MOURNING CLOAK
Image_40.jpg,MOURNING CLOAK
Image_41.jpg,MOURNING CLOAK
Image_42.jpg,MOURNING CLOAK
Image_43.jpg,MOURNING CLOAK
Image_44.jpg,PEACOCK
Image_45.jpg,MOURNING CLOAK
Image_46.jpg,ELBOWED PIERROT
Image_47.jpg,MOURNING CLOAK
Image_48.jpg,MOURNING CLOAK
Image_49.jpg,MOURNING CLOAK
Image_50.jpg,MOURNING CLOAK
Image_51.jpg,MOURNING CLOAK
Image_52.jpg,MONARCH
Image_53.jpg,MOURNING CLOAK
Image_54.jpg,MOURNING CLOAK
Image_55.jpg,MOURNING CLOAK
Image_56.jpg,CLOUDED SULPHUR
Image_57.jpg,MOURNING CLOAK
Image_58.jpg,ELBOWED PIERROT
Image_59.jpg,MOURNING CLOAK
Image_60.jpg,MOURNING CLOAK
Image_61.jpg,CLOUDED SULPHUR
Image_62.jpg,SLEEPY ORANGE
Image_63.jpg,MOURNING CLOAK
Image_64.jpg,MOURNING CLOAK
Image_65.jpg,MOURNING CLOAK
Image_66.jpg,VICEROY
Image_67.jpg,MOURNING CLOAK
Image_68.jpg,MOURNING CLOAK
Image_69.jpg,CLOUDED SULPHUR
Image_70.jpg,MOURNING CLOAK
Image_71.jpg,MOURNING CLOAK
Image_72.jpg,CABBAGE WHITE
Image_73.jpg,MOURNING CLOAK
Image_74.jpg,MOURNING CLOAK
Image_75.jpg,MOURNING CLOAK
Image_76.jpg,MOURNING CLOAK
Image_77.jpg,MONARCH
Image_78.jpg,CLOUDED SULPHUR
Image_79.jpg,MOURNING CLOAK
Image_80.jpg,MOURNING CLOAK
Image_81.jpg,ORANGE TIP
Image_82.jpg,MOURNING CLOAK
Image_83.jpg,CLOUDED SULPHUR
Image_84.jpg,MOURNING CLOAK
Image_85.jpg,ORANGE TIP
Image_86.jpg,MOURNING CLOAK
Image_87.jpg,MOURNING CLOAK
Image_88.jpg,MOURNING CLOAK
Image_89.jpg,MOURNING CLOAK
Image_90.jpg,MOURNING CLOAK
Image_91.jpg,CRECENT
Image_92.jpg,MOURNING CLOAK
Image_93.jpg,AFRICAN GIANT SWALLOWTAIL
Image_94.jpg,CLOUDED SULPHUR
Image_95.jpg,MOURNING CLOAK
Image_96.jpg,MOURNING CLOAK
Image_97.jpg,MOURNING CLOAK
Image_98.jpg,MOURNING CLOAK
Image_99.jpg,CLOUDED SULPHUR
Image_100.jpg,STRAITED QUEEN
Image_101.jpg,MOURNING CLOAK
Image_102.jpg,AN 88
Image_103.jpg,MOURNING CLOAK
Image_104.jpg,MOURNING CLOAK
Image_105.jpg,MOURNING CLOAK
Image_106.jpg,MOURNING CLOAK
Image_107.jpg,MOURNING CLOAK
Image_108.jpg,CHESTNUT
Image_109.jpg,MOURNING CLOAK
Image_110.jpg,STRAITED QUEEN
Image_111.jpg,MOURNING CLOAK
Image_112.jpg,MOURNING CLOAK
Image_113.jpg,AFRICAN GIANT SWALLOWTAIL
Image_114.jpg,MOURNING CLOAK
Image_115.jpg,MOURNING CLOAK
Image_116.jpg,MOURNING CLOAK
Image_117.jpg,MOURNING CLOAK
Image_118.jpg,MOURNING CLOAK
Image_119.jpg,MOURNING CLOAK
Image_120.jpg,MOURNING CLOAK
Image_121.jpg,MOURNING CLOAK
Image_122.jpg,MOURNING CLOAK
Image_123.jpg,MOURNING CLOAK
Image_124.jpg,MOURNING CLOAK
Image_125.jpg,MOURNING CLOAK
Image_126.jpg,SLEEPY ORANGE
Image_127.jpg,MOURNING CLOAK
Image_128.jpg,CLOUDED SULPHUR
Image_129.jpg,MOURNING CLOAK
Image_130.jpg,MOURNING CLOAK
Image_131.jpg,MOURNING CLOAK
Image_132.jpg,MOURNING CLOAK
Image_133.jpg,MOURNING CLOAK
Image_134.jpg,MOURNING CLOAK
Image_135.jpg,MOURNING CLOAK
Image_136.jpg,MOURNING CLOAK
Image_137.jpg,MOURNING CLOAK
Image_138.jpg,MOURNING CLOAK
Image_139.jpg,MOURNING CLOAK
Image_140.jpg,SLEEPY ORANGE
Image_141.jpg,MOURNING CLOAK
Image_142.jpg,SLEEPY ORANGE
Image_143.jpg,MOURNING CLOAK
Image_144.jpg,MOURNING CLOAK
Image_145.jpg,MONARCH
Image_146.jpg,MOURNING CLOAK
Image_147.jpg,MOURNING CLOAK
Image_148.jpg,MOURNING CLOAK
Image_149.jpg,MOURNING CLOAK
Image_150.jpg,CLOUDED SULPHUR
Image_151.jpg,MOURNING CLOAK
Image_152.jpg,MOURNING CLOAK
Image_153.jpg,MOURNING CLOAK
Image_154.jpg,MONARCH
Image_155.jpg,MOURNING CLOAK
Image_156.jpg,MONARCH
Image_157.jpg,MOURNING CLOAK
Image_158.jpg,MOURNING CLOAK
Image_159.jpg,MOURNING CLOAK
Image_160.jpg,MOURNING CLOAK
Image_161.jpg,AN 88
Image_162.jpg,MOURNING CLOAK
Image_163.jpg,MOURNING CLOAK
Image_164.jpg,MOURNING CLOAK
Image_165.jpg,MOURNING CLOAK
Image_166.jpg,RED ADMIRAL
Image_167.jpg,MOURNING CLOAK
Image_168.jpg,MOURNING CLOAK
Image_169.jpg,MOURNING CLOAK
Image_170.jpg,MOURNING CLOAK
Image_171.jpg,MOURNING CLOAK
Image_172.jpg,MOURNING CLOAK
Image_173.jpg,MOURNING CLOAK
Image_174.jpg,MOURNING CLOAK
Image_175.jpg,MOURNING CLOAK
Image_176.jpg,CLOUDED SULPHUR
Image_177.jpg,CLOUDED SULPHUR
Image_178.jpg,MOURNING CLOAK
Image_179.jpg,RED ADMIRAL
Image_180.jpg,MONARCH
Image_181.jpg,MOURNING CLOAK
Image_182.jpg,MOURNING CLOAK
Image_183.jpg,MOURNING CLOAK
Image_184.jpg,MOURNING CLOAK
Image_185.jpg,MOURNING CLOAK
Image_186.jpg,MOURNING CLOAK
Image_187.jpg,CLOUDED SULPHUR
Image_188.jpg,MOURNING CLOAK
Image_189.jpg,CLOUDED SULPHUR
Image_190.jpg,MOURNING CLOAK
Image_191.jpg,MOURNING CLOAK
Image_192.jpg,RED ADMIRAL
Image_193.jpg,MOURNING CLOAK
Image_194.jpg,MOURNING CLOAK
Image_195.jpg,MOURNING CLOAK
Image_196.jpg,MOURNING CLOAK
Image_197.jpg,MOURNING CLOAK
Image_198.jpg,VICEROY
Image_199.jpg,MOURNING CLOAK
Image_200.jpg,CLOUDED SULPHUR
Image_201.jpg,MOURNING CLOAK
Image_202.jpg,MOURNING CLOAK
Image_203.jpg,MOURNING CLOAK
Image_204.jpg,MOURNING CLOAK
Image_205.jpg,MOURNING CLOAK
Image_206.jpg,MOURNING CLOAK
Image_207.jpg,CLOUDED SULPHUR
Image_208.jpg,AN 88
Image_209.jpg,MOURNING CLOAK
Image_210.jpg,MOURNING CLOAK
Image_211.jpg,MOURNING CLOAK
Image_212.jpg,MOURNING CLOAK
Image_213.jpg,MOURNING CLOAK
Image_214.jpg,MOURNING CLOAK
Image_215.jpg,MOURNING CLOAK
Image_216.jpg,MOURNING CLOAK
Image_217.jpg,MONARCH
Image_218.jpg,MOURNING CLOAK
Image_219.jpg,MOURNING CLOAK
Image_220.jpg,ORANGE TIP
Image_221.jpg,MOURNING CLOAK
Image_222.jpg,MOURNING CLOAK
Image_223.jpg,MOURNING CLOAK
Image_224.jpg,MOURNING CLOAK
Image_225.jpg,MOURNING CLOAK
Image_226.jpg,MOURNING CLOAK
Image_227.jpg,MOURNING CLOAK
Image_228.jpg,AN 88
Image_229.jpg,RED ADMIRAL
Image_230.jpg,MOURNING CLOAK
Image_231.jpg,SLEEPY ORANGE
Image_232.jpg,MOURNING CLOAK
Image_233.jpg,MOURNING CLOAK
Image_234.jpg,MOURNING CLOAK
Image_235.jpg,MOURNING CLOAK
Image_236.jpg,MOURNING CLOAK
Image_237.jpg,CLOUDED SULPHUR
Image_238.jpg,MOURNING CLOAK
Image_239.jpg,MOURNING CLOAK
Image_240.jpg,MOURNING CLOAK
Image_241.jpg,VICEROY
Image_242.jpg,MOURNING CLOAK
Image_243.jpg,MOURNING CLOAK
Image_244.jpg,ORANGE TIP
Image_245.jpg,CHECQUERED SKIPPER
Image_246.jpg,MOURNING CLOAK
Image_247.jpg,MOURNING CLOAK
Image_248.jpg,MOURNING CLOAK
Image_249.jpg,MOURNING CLOAK
Image_250.jpg,MOURNING CLOAK
Image_251.jpg,MOURNING CLOAK
Image_252.jpg,MOURNING CLOAK
Image_253.jpg,PEACOCK
Image_254.jpg,MOURNING CLOAK
Image_255.jpg,MOURNING CLOAK
Image_256.jpg,VICEROY
Image_257.jpg,MOURNING CLOAK
Image_258.jpg,MOURNING CLOAK
Image_259.jpg,MOURNING CLOAK
Image_260.jpg,MOURNING CLOAK
Image_261.jpg,MOURNING CLOAK
Image_262.jpg,MOURNING CLOAK
Image_263.jpg,MOURNING CLOAK
Image_264.jpg,SLEEPY ORANGE
Image_265.jpg,MOURNING CLOAK
Image_266.jpg,MOURNING CLOAK
Image_267.jpg,MOURNING CLOAK
Image_268.jpg,CABBAGE WHITE
Image_269.jpg,MOURNING CLOAK
Image_270.jpg,MOURNING CLOAK
Image_271.jpg,MOURNING CLOAK
Image_272.jpg,MOURNING CLOAK
Image_273.jpg,MOURNING CLOAK
Image_274.jpg,ORANGE TIP
Image_275.jpg,MOURNING CLOAK
Image_276.jpg,ORANGE TIP
Image_277.jpg,MOURNING CLOAK
Image_278.jpg,CLOUDED SULPHUR
Image_279.jpg,MOURNING CLOAK
Image_280.jpg,MOURNING CLOAK
Image_281.jpg,MOURNING CLOAK
Image_282.jpg,MOURNING CLOAK
Image_283.jpg,STRAITED QUEEN
Image_284.jpg,MOURNING CLOAK
Image_285.jpg,MOURNING CLOAK
Image_286.jpg,MOURNING CLOAK
Image_287.jpg,MOURNING CLOAK
Image_288.jpg,RED ADMIRAL
Image_289.jpg,MOURNING CLOAK
Image_290.jpg,MOURNING CLOAK
Image_291.jpg,MOURNING CLOAK
Image_292.jpg,VICEROY
Image_293.jpg,MOURNING CLOAK
Image_294.jpg,SLEEPY ORANGE
Image_295.jpg,MOURNING CLOAK
Image_296.jpg,CLOUDED SULPHUR
Image_297.jpg,CLOUDED SULPHUR
Image_298.jpg,MOURNING CLOAK
Image_299.jpg,MOURNING CLOAK
Image_300.jpg,MOURNING CLOAK
Image_301.jpg,MOURNING CLOAK
Image_302.jpg,MOURNING CLOAK
Image_303.jpg,CLOUDED SULPHUR
Image_304.jpg,SLEEPY ORANGE
Image_305.jpg,MOURNING CLOAK
Image_306.jpg,MOURNING CLOAK
Image_307.jpg,MOURNING CLOAK
Image_308.jpg,MOURNING CLOAK
Image_309.jpg,MOURNING CLOAK
Image_310.jpg,MOURNING CLOAK
Image_311.jpg,MOURNING CLOAK
Image_312.jpg,MOURNING CLOAK
Image_313.jpg,CLOUDED SULPHUR
Image_314.jpg,MOURNING CLOAK
Image_315.jpg,MOURNING CLOAK
Image_316.jpg,MOURNING CLOAK
Image_317.jpg,SLEEPY ORANGE
Image_318.jpg,CABBAGE WHITE
Image_319.jpg,MOURNING CLOAK
Image_320.jpg,MONARCH
Image_321.jpg,MOURNING CLOAK
Image_322.jpg,RED ADMIRAL
Image_323.jpg,MOURNING CLOAK
Image_324.jpg,CLOUDED SULPHUR
Image_325.jpg,MOURNING CLOAK
Image_326.jpg,MOURNING CLOAK
Image_327.jpg,MOURNING CLOAK
Image_328.jpg,MOURNING CLOAK
Image_329.jpg,MOURNING CLOAK
Image_330.jpg,MOURNING CLOAK
Image_331.jpg,MOURNING CLOAK
Image_332.jpg,MOURNING CLOAK
Image_333.jpg,MOURNING CLOAK
Image_334.jpg,MOURNING CLOAK
Image_335.jpg,MOURNING CLOAK
Image_336.jpg,MOURNING CLOAK
Image_337.jpg,STRAITED QUEEN
Image_338.jpg,VICEROY
Image_339.jpg,MOURNING CLOAK
Image_340.jpg,MOURNING CLOAK
Image_341.jpg,MOURNING CLOAK
Image_342.jpg,MOURNING CLOAK
Image_343.jpg,ORANGE TIP
Image_344.jpg,MOURNING CLOAK
Image_345.jpg,MOURNING CLOAK
Image_346.jpg,MOURNING CLOAK
Image_347.jpg,MOURNING CLOAK
Image_348.jpg,MOURNING CLOAK
Image_349.jpg,MOURNING CLOAK
Image_350.jpg,EASTERN COMA
Image_351.jpg,MOURNING CLOAK
Image_352.jpg,MOURNING CLOAK
Image_353.jpg,MOURNING CLOAK
Image_354.jpg,MOURNING CLOAK
Image_355.jpg,ORANGE TIP
Image_356.jpg,MOURNING CLOAK
Image_357.jpg,MOURNING CLOAK
Image_358.jpg,MOURNING CLOAK
Image_359.jpg,MOURNING CLOAK
Image_360.jpg,CLOUDED SULPHUR
Image_361.jpg,MOURNING CLOAK
Image_362.jpg,MOURNING CLOAK
Image_363.jpg,MOURNING CLOAK
Image_364.jpg,MOURNING CLOAK
Image_365.jpg,MOURNING CLOAK
Image_366.jpg,MOURNING CLOAK
Image_367.jpg,MOURNING CLOAK
Image_368.jpg,MOURNING CLOAK
Image_369.jpg,MOURNING CLOAK
Image_370.jpg,MOURNING CLOAK
Image_371.jpg,AN 88
Image_372.jpg,CRECENT
Image_373.jpg,MOURNING CLOAK
Image_374.jpg,MOURNING CLOAK
Image_375.jpg,MOURNING CLOAK
Image_376.jpg,MOURNING CLOAK
Image_377.jpg,MOURNING CLOAK
Image_378.jpg,PEACOCK
Image_379.jpg,MOURNING CLOAK
Image_380.jpg,CABBAGE WHITE
Image_381.jpg,ORANGE TIP
Image_382.jpg,CLOUDED SULPHUR
Image_383.jpg,MOURNING CLOAK
Image_384.jpg,MOURNING CLOAK
Image_385.jpg,VICEROY
Image_386.jpg,MOURNING CLOAK
Image_387.jpg,SLEEPY ORANGE
Image_388.jpg,ORANGE TIP
Image_389.jpg,MOURNING CLOAK
Image_390.jpg,MOURNING CLOAK
Image_391.jpg,MOURNING CLOAK
Image_392.jpg,MOURNING CLOAK
Image_393.jpg,ORANGE TIP
Image_394.jpg,MOURNING CLOAK
Image_395.jpg,CLOUDED SULPHUR
Image_396.jpg,ORANGE TIP
Image_397.jpg,MOURNING CLOAK
Image_398.jpg,MOURNING CLOAK
Image_399.jpg,SLEEPY ORANGE
Image_400.jpg,MOURNING CLOAK
Image_401.jpg,MOURNING CLOAK
Image_402.jpg,MOURNING CLOAK
Image_403.jpg,MOURNING CLOAK
Image_404.jpg,MOURNING CLOAK
Image_405.jpg,MOURNING CLOAK
Image_406.jpg,CLOUDED SULPHUR
Image_407.jpg,MOURNING CLOAK
Image_408.jpg,MOURNING CLOAK
Image_409.jpg,MOURNING CLOAK
Image_410.jpg,MOURNING CLOAK
Image_411.jpg,MOURNING CLOAK
Image_412.jpg,MOURNING CLOAK
Image_413.jpg,MOURNING CLOAK
Image_414.jpg,MOURNING CLOAK
Image_415.jpg,MOURNING CLOAK
Image_416.jpg,MOURNING CLOAK
Image_417.jpg,MOURNING CLOAK
Image_418.jpg,PEACOCK
Image_419.jpg,MOURNING CLOAK
Image_420.jpg,AN 88
Image_421.jpg,MOURNING CLOAK
Image_422.jpg,MOURNING CLOAK
Image_423.jpg,MOURNING CLOAK
Image_424.jpg,CRECENT
Image_425.jpg,MOURNING CLOAK
Image_426.jpg,CLOUDED SULPHUR
Image_427.jpg,ORANGE TIP
Image_428.jpg,MOURNING CLOAK
Image_429.jpg,PEACOCK
Image_430.jpg,MOURNING CLOAK
Image_431.jpg,PEACOCK
Image_432.jpg,MOURNING CLOAK
Image_433.jpg,MOURNING CLOAK
Image_434.jpg,MOURNING CLOAK
Image_435.jpg,CLOUDED SULPHUR
Image_436.jpg,AN 88
Image_437.jpg,CLOUDED SULPHUR
Image_438.jpg,ELBOWED PIERROT
Image_439.jpg,MOURNING CLOAK
Image_440.jpg,MOURNING CLOAK
Image_441.jpg,MOURNING CLOAK
Image_442.jpg,MOURNING CLOAK
Image_443.jpg,MOURNING CLOAK
Image_444.jpg,SLEEPY ORANGE
Image_445.jpg,MOURNING CLOAK
Image_446.jpg,MOURNING CLOAK
Image_447.jpg,MOURNING CLOAK
Image_448.jpg,MOURNING CLOAK
Image_449.jpg,CLOUDED SULPHUR
Image_450.jpg,MOURNING CLOAK
Image_451.jpg,MOURNING CLOAK
Image_452.jpg,CABBAGE WHITE
Image_453.jpg,PEACOCK
Image_454.jpg,MOURNING CLOAK
Image_455.jpg,MOURNING CLOAK
Image_456.jpg,MOURNING CLOAK
Image_457.jpg,MOURNING CLOAK
Image_458.jpg,PEACOCK
Image_459.jpg,SLEEPY ORANGE
Image_460.jpg,CLOUDED SULPHUR
Image_461.jpg,RED ADMIRAL
Image_462.jpg,MOURNING CLOAK
Image_463.jpg,MOURNING CLOAK
Image_464.jpg,MOURNING CLOAK
Image_465.jpg,MOURNING CLOAK
Image_466.jpg,MOURNING CLOAK
Image_467.jpg,MOURNING CLOAK
Image_468.jpg,MOURNING CLOAK
Image_469.jpg,MOURNING CLOAK
Image_470.jpg,MOURNING CLOAK
Image_471.jpg,GREY HAIRSTREAK
Image_472.jpg,MOURNING CLOAK
Image_473.jpg,ORANGE TIP
Image_474.jpg,MOURNING CLOAK
Image_475.jpg,MOURNING CLOAK
Image_476.jpg,MOURNING CLOAK
Image_477.jpg,MOURNING CLOAK
Image_478.jpg,MOURNING CLOAK
Image_479.jpg,MOURNING CLOAK
Image_480.jpg,RED ADMIRAL
Image_481.jpg,MOURNING CLOAK
Image_482.jpg,CRECENT
Image_483.jpg,CLOUDED SULPHUR
Image_484.jpg,MOURNING CLOAK
Image_485.jpg,SLEEPY ORANGE
Image_486.jpg,CLOUDED SULPHUR
Image_487.jpg,MOURNING CLOAK
Image_488.jpg,MOURNING CLOAK
Image_489.jpg,MOURNING CLOAK
Image_490.jpg,MOURNING CLOAK
Image_491.jpg,MOURNING CLOAK
Image_492.jpg,CLOUDED SULPHUR
Image_493.jpg,MOURNING CLOAK
Image_494.jpg,MOURNING CLOAK
Image_495.jpg,MOURNING CLOAK
Image_496.jpg,MOURNING CLOAK
Image_497.jpg,CRECENT
Image_498.jpg,MOURNING CLOAK
Image_499.jpg,MOURNING CLOAK
Image_500.jpg,MOURNING CLOAK
Image_501.jpg,MOURNING CLOAK
Image_502.jpg,VICEROY
Image_503.jpg,CLOUDED SULPHUR
Image_504.jpg,MOURNING CLOAK
Image_505.jpg,MONARCH
Image_506.jpg,MOURNING CLOAK
Image_507.jpg,VICEROY
Image_508.jpg,MOURNING CLOAK
Image_509.jpg,MOURNING CLOAK
Image_510.jpg,MOURNING CLOAK
Image_511.jpg,MOURNING CLOAK
Image_512.jpg,MOURNING CLOAK
Image_513.jpg,MOURNING CLOAK
Image_514.jpg,CLOUDED SULPHUR
Image_515.jpg,MOURNING CLOAK
Image_516.jpg,MOURNING CLOAK
Image_517.jpg,MOURNING CLOAK
Image_518.jpg,MOURNING CLOAK
Image_519.jpg,MOURNING CLOAK
Image_520.jpg,CRECENT
Image_521.jpg,CRECENT
Image_522.jpg,RED ADMIRAL
Image_523.jpg,MOURNING CLOAK
Image_524.jpg,AFRICAN GIANT SWALLOWTAIL
Image_525.jpg,MOURNING CLOAK
Image_526.jpg,MOURNING CLOAK
Image_527.jpg,CLOUDED SULPHUR
Image_528.jpg,MOURNING CLOAK
Image_529.jpg,ELBOWED PIERROT
Image_530.jpg,MOURNING CLOAK
Image_531.jpg,CLOUDED SULPHUR
Image_532.jpg,CLOUDED SULPHUR
Image_533.jpg,MOURNING CLOAK
Image_534.jpg,MOURNING CLOAK
Image_535.jpg,VICEROY
Image_536.jpg,MOURNING CLOAK
Image_537.jpg,MOURNING CLOAK
Image_538.jpg,MOURNING CLOAK
Image_539.jpg,MOURNING CLOAK
Image_540.jpg,RED ADMIRAL
Image_541.jpg,MOURNING CLOAK
Image_542.jpg,AN 88
Image_543.jpg,AFRICAN GIANT SWALLOWTAIL
Image_544.jpg,AN 88
Image_545.jpg,MOURNING CLOAK
Image_546.jpg,MOURNING CLOAK
Image_547.jpg,MOURNING CLOAK
Image_548.jpg,VICEROY
Image_549.jpg,CLOUDED SULPHUR
Image_550.jpg,MOURNING CLOAK
Image_551.jpg,CLOUDED SULPHUR
Image_552.jpg,MOURNING CLOAK
Image_553.jpg,CRECENT
Image_554.jpg,MOURNING CLOAK
Image_555.jpg,CRECENT
Image_556.jpg,MOURNING CLOAK
Image_557.jpg,MOURNING CLOAK
Image_558.jpg,MOURNING CLOAK
Image_559.jpg,MOURNING CLOAK
Image_560.jpg,MOURNING CLOAK
Image_561.jpg,MOURNING CLOAK
Image_562.jpg,MOURNING CLOAK
Image_563.jpg,MOURNING CLOAK
Image_564.jpg,MOURNING CLOAK
Image_565.jpg,MOURNING CLOAK
Image_566.jpg,CABBAGE WHITE
Image_567.jpg,MOURNING CLOAK
Image_568.jpg,MOURNING CLOAK
Image_569.jpg,MOURNING CLOAK
Image_570.jpg,MOURNING CLOAK
Image_571.jpg,MOURNING CLOAK
Image_572.jpg,MOURNING CLOAK
Image_573.jpg,MOURNING CLOAK
Image_574.jpg,EASTERN PINE ELFIN
Image_575.jpg,MOURNING CLOAK
Image_576.jpg,MOURNING CLOAK
Image_577.jpg,MOURNING CLOAK
Image_578.jpg,MONARCH
Image_579.jpg,MOURNING CLOAK
Image_580.jpg,MOURNING CLOAK
Image_581.jpg,MOURNING CLOAK
Image_582.jpg,MOURNING CLOAK
Image_583.jpg,MOURNING CLOAK
Image_584.jpg,MOURNING CLOAK
Image_585.jpg,CLOUDED SULPHUR
Image_586.jpg,MOURNING CLOAK
Image_587.jpg,MOURNING CLOAK
Image_588.jpg,MOURNING CLOAK
Image_589.jpg,MOURNING CLOAK
Image_590.jpg,MOURNING CLOAK
Image_591.jpg,MOURNING CLOAK
Image_592.jpg,CLOUDED SULPHUR
Image_593.jpg,MOURNING CLOAK
Image_594.jpg,MOURNING CLOAK
Image_595.jpg,MOURNING CLOAK
Image_596.jpg,MOURNING CLOAK
Image_597.jpg,ELBOWED PIERROT
Image_598.jpg,MOURNING CLOAK
Image_599.jpg,CLOUDED SULPHUR
Image_600.jpg,MOURNING CLOAK
Image_601.jpg,MOURNING CLOAK
Image_602.jpg,MOURNING CLOAK
Image_603.jpg,AN 88
Image_604.jpg,MOURNING CLOAK
Image_605.jpg,AN 88
Image_606.jpg,MOURNING CLOAK
Image_607.jpg,MOURNING CLOAK
Image_608.jpg,MOURNING CLOAK
Image_609.jpg,MOURNING CLOAK
Image_610.jpg,MOURNING CLOAK
Image_611.jpg,MOURNING CLOAK
Image_612.jpg,MOURNING CLOAK
Image_613.jpg,MOURNING CLOAK
Image_614.jpg,MOURNING CLOAK
Image_615.jpg,RED ADMIRAL
Image_616.jpg,MOURNING CLOAK
Image_617.jpg,MOURNING CLOAK
Image_618.jpg,MOURNING CLOAK
Image_619.jpg,MOURNING CLOAK
Image_620.jpg,MOURNING CLOAK
Image_621.jpg,PEACOCK
Image_622.jpg,MOURNING CLOAK
Image_623.jpg,CRECENT
Image_624.jpg,MOURNING CLOAK
Image_625.jpg,MOURNING CLOAK
Image_626.jpg,MOURNING CLOAK
Image_627.jpg,MOURNING CLOAK
Image_628.jpg,MOURNING CLOAK
Image_629.jpg,MOURNING CLOAK
Image_630.jpg,COPPER TAIL
Image_631.jpg,MOURNING CLOAK
Image_632.jpg,MOURNING CLOAK
Image_633.jpg,SLEEPY ORANGE
Image_634.jpg,ATALA
Image_635.jpg,MOURNING CLOAK
Image_636.jpg,MOURNING CLOAK
Image_637.jpg,MOURNING CLOAK
Image_638.jpg,VICEROY
Image_639.jpg,MOURNING CLOAK
Image_640.jpg,MOURNING CLOAK
Image_641.jpg,MOURNING CLOAK
Image_642.jpg,SLEEPY ORANGE
Image_643.jpg,MOURNING CLOAK
Image_644.jpg,MOURNING CLOAK
Image_645.jpg,PEACOCK
Image_646.jpg,MOURNING CLOAK
Image_647.jpg,COPPER TAIL
Image_648.jpg,MOURNING CLOAK
Image_649.jpg,MOURNING CLOAK
Image_650.jpg,RED ADMIRAL
Image_651.jpg,CLOUDED SULPHUR
Image_652.jpg,CLOUDED SULPHUR
Image_653.jpg,STRAITED QUEEN
Image_654.jpg,MONARCH
Image_655.jpg,MOURNING CLOAK
Image_656.jpg,AFRICAN GIANT SWALLOWTAIL
Image_657.jpg,MOURNING CLOAK
Image_658.jpg,MOURNING CLOAK
Image_659.jpg,MOURNING CLOAK
Image_660.jpg,VICEROY
Image_661.jpg,CLOUDED SULPHUR
Image_662.jpg,MONARCH
Image_663.jpg,MOURNING CLOAK
Image_664.jpg,MOURNING CLOAK
Image_665.jpg,MOURNING CLOAK
Image_666.jpg,MOURNING CLOAK
Image_667.jpg,MOURNING CLOAK
Image_668.jpg,MOURNING CLOAK
Image_669.jpg,MOURNING CLOAK
Image_670.jpg,MOURNING CLOAK
Image_671.jpg,MOURNING CLOAK
Image_672.jpg,MOURNING CLOAK
Image_673.jpg,MOURNING CLOAK
Image_674.jpg,MOURNING CLOAK
Image_675.jpg,MOURNING CLOAK
Image_676.jpg,MOURNING CLOAK
Image_677.jpg,MOURNING CLOAK
Image_678.jpg,MOURNING CLOAK
Image_679.jpg,MOURNING CLOAK
Image_680.jpg,MOURNING CLOAK
Image_681.jpg,MOURNING CLOAK
Image_682.jpg,PEACOCK
Image_683.jpg,CRECENT
Image_684.jpg,CLOUDED SULPHUR
Image_685.jpg,MOURNING CLOAK
Image_686.jpg,PEACOCK
Image_687.jpg,CLOUDED SULPHUR
Image_688.jpg,MOURNING CLOAK
Image_689.jpg,MOURNING CLOAK
Image_690.jpg,VICEROY
Image_691.jpg,MOURNING CLOAK
Image_692.jpg,MOURNING CLOAK
Image_693.jpg,MOURNING CLOAK
Image_694.jpg,MOURNING CLOAK
Image_695.jpg,SLEEPY ORANGE
Image_696.jpg,MOURNING CLOAK
Image_697.jpg,MOURNING CLOAK
Image_698.jpg,MOURNING CLOAK
Image_699.jpg,MOURNING CLOAK
Image_700.jpg,SLEEPY ORANGE
Image_701.jpg,MOURNING CLOAK
Image_702.jpg,MOURNING CLOAK
Image_703.jpg,MOURNING CLOAK
Image_704.jpg,MOURNING CLOAK
Image_705.jpg,MOURNING CLOAK
Image_706.jpg,CLOUDED SULPHUR
Image_707.jpg,AN 88
Image_708.jpg,AFRICAN GIANT SWALLOWTAIL
Image_709.jpg,AFRICAN GIANT SWALLOWTAIL
Image_710.jpg,CHECQUERED SKIPPER
Image_711.jpg,MOURNING CLOAK
Image_712.jpg,MOURNING CLOAK
Image_713.jpg,CRECENT
Image_714.jpg,MOURNING CLOAK
Image_715.jpg,MESTRA
Image_716.jpg,CLOUDED SULPHUR
Image_717.jpg,MOURNING CLOAK
Image_718.jpg,QUESTION MARK
Image_719.jpg,MOURNING CLOAK
Image_720.jpg,MOURNING CLOAK
Image_721.jpg,CLOUDED SULPHUR
Image_722.jpg,MOURNING CLOAK
Image_723.jpg,MOURNING CLOAK
Image_724.jpg,MOURNING CLOAK
Image_725.jpg,MOURNING CLOAK
Image_726.jpg,SLEEPY ORANGE
Image_727.jpg,VICEROY
Image_728.jpg,MOURNING CLOAK
Image_729.jpg,MOURNING CLOAK
Image_730.jpg,MOURNING CLOAK
Image_731.jpg,CLOUDED SULPHUR
Image_732.jpg,MOURNING CLOAK
Image_733.jpg,MOURNING CLOAK
Image_734.jpg,MOURNING CLOAK
Image_735.jpg,MOURNING CLOAK
Image_736.jpg,MOURNING CLOAK
Image_737.jpg,CLOUDED SULPHUR
Image_738.jpg,MOURNING CLOAK
Image_739.jpg,MOURNING CLOAK
Image_740.jpg,VICEROY
Image_741.jpg,MOURNING CLOAK
Image_742.jpg,AFRICAN GIANT SWALLOWTAIL
Image_743.jpg,MOURNING CLOAK
Image_744.jpg,MONARCH
Image_745.jpg,STRAITED QUEEN
Image_746.jpg,MOURNING CLOAK
Image_747.jpg,ORANGE TIP
Image_748.jpg,MOURNING CLOAK
Image_749.jpg,MOURNING CLOAK
Image_750.jpg,MOURNING CLOAK
Image_751.jpg,MOURNING CLOAK
Image_752.jpg,MOURNING CLOAK
Image_753.jpg,MOURNING CLOAK
Image_754.jpg,MOURNING CLOAK
Image_755.jpg,AFRICAN GIANT SWALLOWTAIL
Image_756.jpg,MOURNING CLOAK
Image_757.jpg,CLOUDED SULPHUR
Image_758.jpg,CLOUDED SULPHUR
Image_759.jpg,MOURNING CLOAK
Image_760.jpg,AFRICAN GIANT SWALLOWTAIL
Image_761.jpg,MOURNING CLOAK
Image_762.jpg,MOURNING CLOAK
Image_763.jpg,MOURNING CLOAK
Image_764.jpg,MOURNING CLOAK
Image_765.jpg,MOURNING CLOAK
Image_766.jpg,MOURNING CLOAK
Image_767.jpg,MOURNING CLOAK
Image_768.jpg,MOURNING CLOAK
Image_769.jpg,MOURNING CLOAK
Image_770.jpg,MOURNING CLOAK
Image_771.jpg,MOURNING CLOAK
Image_772.jpg,AFRICAN GIANT SWALLOWTAIL
Image_773.jpg,MOURNING CLOAK
Image_774.jpg,MOURNING CLOAK
Image_775.jpg,MOURNING CLOAK
Image_776.jpg,MOURNING CLOAK
Image_777.jpg,MOURNING CLOAK
Image_778.jpg,CABBAGE WHITE
Image_779.jpg,MOURNING CLOAK
Image_780.jpg,MOURNING CLOAK
Image_781.jpg,MOURNING CLOAK
Image_782.jpg,MOURNING CLOAK
Image_783.jpg,MOURNING CLOAK
Image_784.jpg,MOURNING CLOAK
Image_785.jpg,PEACOCK
Image_786.jpg,MOURNING CLOAK
Image_787.jpg,MOURNING CLOAK
Image_788.jpg,MOURNING CLOAK
Image_789.jpg,STRAITED QUEEN
Image_790.jpg,MOURNING CLOAK
Image_791.jpg,EASTERN COMA
Image_792.jpg,MOURNING CLOAK
Image_793.jpg,MOURNING CLOAK
Image_794.jpg,MOURNING CLOAK
Image_795.jpg,MOURNING CLOAK
Image_796.jpg,MOURNING CLOAK
Image_797.jpg,MOURNING CLOAK
Image_798.jpg,CRECENT
Image_799.jpg,CHESTNUT
Image_800.jpg,MOURNING CLOAK
Image_801.jpg,MOURNING CLOAK
Image_802.jpg,QUESTION MARK
Image_803.jpg,MOURNING CLOAK
Image_804.jpg,MOURNING CLOAK
Image_805.jpg,MOURNING CLOAK
Image_806.jpg,AFRICAN GIANT SWALLOWTAIL
Image_807.jpg,MOURNING CLOAK
Image_808.jpg,MOURNING CLOAK
Image_809.jpg,MOURNING CLOAK
Image_810.jpg,MOURNING CLOAK
Image_811.jpg,CLOUDED SULPHUR
Image_812.jpg,MOURNING CLOAK
Image_813.jpg,MOURNING CLOAK
Image_814.jpg,MOURNING CLOAK
Image_815.jpg,MOURNING CLOAK
Image_816.jpg,MOURNING CLOAK
Image_817.jpg,MOURNING CLOAK
Image_818.jpg,MOURNING CLOAK
Image_819.jpg,MOURNING CLOAK
Image_820.jpg,SLEEPY ORANGE
Image_821.jpg,MOURNING CLOAK
Image_822.jpg,MOURNING CLOAK
Image_823.jpg,CLOUDED SULPHUR
Image_824.jpg,MOURNING CLOAK
Image_825.jpg,MOURNING CLOAK
Image_826.jpg,MOURNING CLOAK
Image_827.jpg,MOURNING CLOAK
Image_828.jpg,MOURNING CLOAK
Image_829.jpg,MOURNING CLOAK
Image_830.jpg,MOURNING CLOAK
Image_831.jpg,MOURNING CLOAK
Image_832.jpg,MOURNING CLOAK
Image_833.jpg,MOURNING CLOAK
Image_834.jpg,MOURNING CLOAK
Image_835.jpg,CLOUDED SULPHUR
Image_836.jpg,MOURNING CLOAK
Image_837.jpg,MOURNING CLOAK
Image_838.jpg,CLOUDED SULPHUR
Image_839.jpg,MOURNING CLOAK
Image_840.jpg,MOURNING CLOAK
Image_841.jpg,MOURNING CLOAK
Image_842.jpg,RED ADMIRAL
Image_843.jpg,MOURNING CLOAK
Image_844.jpg,MOURNING CLOAK
Image_845.jpg,PEACOCK
Image_846.jpg,MOURNING CLOAK
Image_847.jpg,MOURNING CLOAK
Image_848.jpg,MOURNING CLOAK
Image_849.jpg,SLEEPY ORANGE
Image_850.jpg,MOURNING CLOAK
Image_851.jpg,MOURNING CLOAK
Image_852.jpg,VICEROY
Image_853.jpg,MOURNING CLOAK
Image_854.jpg,MOURNING CLOAK
Image_855.jpg,MOURNING CLOAK
Image_856.jpg,MOURNING CLOAK
Image_857.jpg,CLOUDED SULPHUR
Image_858.jpg,MOURNING CLOAK
Image_859.jpg,MOURNING CLOAK
Image_860.jpg,MOURNING CLOAK
Image_861.jpg,MOURNING CLOAK
Image_862.jpg,MOURNING CLOAK
Image_863.jpg,MOURNING CLOAK
Image_864.jpg,MOURNING CLOAK
Image_865.jpg,MOURNING CLOAK
Image_866.jpg,MOURNING CLOAK
Image_867.jpg,MOURNING CLOAK
Image_868.jpg,MOURNING CLOAK
Image_869.jpg,EASTERN COMA
Image_870.jpg,MOURNING CLOAK
Image_871.jpg,SLEEPY ORANGE
Image_872.jpg,AN 88
Image_873.jpg,MOURNING CLOAK
Image_874.jpg,MOURNING CLOAK
Image_875.jpg,MOURNING CLOAK
Image_876.jpg,MOURNING CLOAK
Image_877.jpg,MOURNING CLOAK
Image_878.jpg,MOURNING CLOAK
Image_879.jpg,MOURNING CLOAK
Image_880.jpg,MOURNING CLOAK
Image_881.jpg,MOURNING CLOAK
Image_882.jpg,MOURNING CLOAK
Image_883.jpg,ORANGE TIP
Image_884.jpg,MOURNING CLOAK
Image_885.jpg,MOURNING CLOAK
Image_886.jpg,PEACOCK
Image_887.jpg,MOURNING CLOAK
Image_888.jpg,MOURNING CLOAK
Image_889.jpg,CLOUDED SULPHUR
Image_890.jpg,MOURNING CLOAK
Image_891.jpg,CLOUDED SULPHUR
Image_892.jpg,MOURNING CLOAK
Image_893.jpg,MOURNING CLOAK
Image_894.jpg,MOURNING CLOAK
Image_895.jpg,MOURNING CLOAK
Image_896.jpg,VICEROY
Image_897.jpg,PEACOCK
Image_898.jpg,ORANGE TIP
Image_899.jpg,MOURNING CLOAK
Image_900.jpg,MOURNING CLOAK
Image_901.jpg,MOURNING CLOAK
Image_902.jpg,MOURNING CLOAK
Image_903.jpg,MOURNING CLOAK
Image_904.jpg,MOURNING CLOAK
Image_905.jpg,MOURNING CLOAK
Image_906.jpg,MOURNING CLOAK
Image_907.jpg,MOURNING CLOAK
Image_908.jpg,MOURNING CLOAK
Image_909.jpg,MOURNING CLOAK
Image_910.jpg,MOURNING CLOAK
Image_911.jpg,MOURNING CLOAK
Image_912.jpg,SLEEPY ORANGE
Image_913.jpg,MOURNING CLOAK
Image_914.jpg,MOURNING CLOAK
Image_915.jpg,MOURNING CLOAK
Image_916.jpg,MOURNING CLOAK
Image_917.jpg,MOURNING CLOAK
Image_918.jpg,MOURNING CLOAK
Image_919.jpg,MOURNING CLOAK
Image_920.jpg,MOURNING CLOAK
Image_921.jpg,AFRICAN GIANT SWALLOWTAIL
Image_922.jpg,MOURNING CLOAK
Image_923.jpg,MOURNING CLOAK
Image_924.jpg,MOURNING CLOAK
Image_925.jpg,MOURNING CLOAK
Image_926.jpg,CLOUDED SULPHUR
Image_927.jpg,MOURNING CLOAK
Image_928.jpg,MOURNING CLOAK
Image_929.jpg,AN 88
Image_930.jpg,MOURNING CLOAK
Image_931.jpg,BANDED ORANGE HELICONIAN
Image_932.jpg,AN 88
Image_933.jpg,MOURNING CLOAK
Image_934.jpg,MOURNING CLOAK
Image_935.jpg,CLOUDED SULPHUR
Image_936.jpg,CLOUDED SULPHUR
Image_937.jpg,MOURNING CLOAK
Image_938.jpg,ORANGE TIP
Image_939.jpg,VICEROY
Image_940.jpg,CLOUDED SULPHUR
Image_941.jpg,AN 88
Image_942.jpg,MOURNING CLOAK
Image_943.jpg,CLOUDED SULPHUR
Image_944.jpg,CRECENT
Image_945.jpg,MOURNING CLOAK
Image_946.jpg,COPPER TAIL
Image_947.jpg,MOURNING CLOAK
Image_948.jpg,STRAITED QUEEN
Image_949.jpg,MOURNING CLOAK
Image_950.jpg,MOURNING CLOAK
Image_951.jpg,MOURNING CLOAK
Image_952.jpg,MOURNING CLOAK
Image_953.jpg,MOURNING CLOAK
Image_954.jpg,MOURNING CLOAK
Image_955.jpg,MOURNING CLOAK
Image_956.jpg,VICEROY
Image_957.jpg,CLOUDED SULPHUR
Image_958.jpg,MOURNING CLOAK
Image_959.jpg,MOURNING CLOAK
Image_960.jpg,MOURNING CLOAK
Image_961.jpg,ORANGE TIP
Image_962.jpg,MOURNING CLOAK
Image_963.jpg,MOURNING CLOAK
Image_964.jpg,MOURNING CLOAK
Image_965.jpg,MOURNING CLOAK
Image_966.jpg,MOURNING CLOAK
Image_967.jpg,SLEEPY ORANGE
Image_968.jpg,CLOUDED SULPHUR
Image_969.jpg,CHECQUERED SKIPPER
Image_970.jpg,MOURNING CLOAK
Image_971.jpg,MOURNING CLOAK
Image_972.jpg,BANDED ORANGE HELICONIAN
Image_973.jpg,MOURNING CLOAK
Image_974.jpg,PAPER KITE
Image_975.jpg,MOURNING CLOAK
Image_976.jpg,SLEEPY ORANGE
Image_977.jpg,SLEEPY ORANGE
Image_978.jpg,MOURNING CLOAK
Image_979.jpg,CLOUDED SULPHUR
Image_980.jpg,MOURNING CLOAK
Image_981.jpg,MOURNING CLOAK
Image_982.jpg,ELBOWED PIERROT
Image_983.jpg,MOURNING CLOAK
Image_984.jpg,CLOUDED SULPHUR
Image_985.jpg,MOURNING CLOAK
Image_986.jpg,MOURNING CLOAK
Image_987.jpg,CLOUDED SULPHUR
Image_988.jpg,MOURNING CLOAK
Image_989.jpg,MOURNING CLOAK
Image_990.jpg,MOURNING CLOAK
Image_991.jpg,CLOUDED SULPHUR
Image_992.jpg,MOURNING CLOAK
Image_993.jpg,MOURNING CLOAK
Image_994.jpg,MOURNING CLOAK
Image_995.jpg,MOURNING CLOAK
Image_996.jpg,MOURNING CLOAK
Image_997.jpg,MOURNING CLOAK
Image_998.jpg,CLOUDED SULPHUR
Image_999.jpg,MOURNING CLOAK
Image_1000.jpg,MOURNING CLOAK
Image_1001.jpg,MOURNING CLOAK
Image_1002.jpg,MOURNING CLOAK
Image_1003.jpg,QUESTION MARK
Image_1004.jpg,VICEROY
Image_1005.jpg,MOURNING CLOAK
Image_1006.jpg,MOURNING CLOAK
Image_1007.jpg,MOURNING CLOAK
Image_1008.jpg,MOURNING CLOAK
Image_1009.jpg,MOURNING CLOAK
Image_1010.jpg,MOURNING CLOAK
Image_1011.jpg,ELBOWED PIERROT
Image_1012.jpg,MOURNING CLOAK
Image_1013.jpg,MOURNING CLOAK
Image_1014.jpg,MOURNING CLOAK
Image_1015.jpg,MOURNING CLOAK
Image_1016.jpg,MOURNING CLOAK
Image_1017.jpg,MOURNING CLOAK
Image_1018.jpg,MOURNING CLOAK
Image_1019.jpg,MOURNING CLOAK
Image_1020.jpg,MOURNING CLOAK
Image_1021.jpg,MOURNING CLOAK
Image_1022.jpg,MOURNING CLOAK
Image_1023.jpg,MOURNING CLOAK
Image_1024.jpg,MOURNING CLOAK
Image_1025.jpg,MOURNING CLOAK
Image_1026.jpg,MOURNING CLOAK
Image_1027.jpg,MOURNING CLOAK
Image_1028.jpg,MOURNING CLOAK
Image_1029.jpg,MOURNING CLOAK
Image_1030.jpg,MOURNING CLOAK
Image_1031.jpg,MOURNING CLOAK
Image_1032.jpg,MOURNING CLOAK
Image_1033.jpg,MOURNING CLOAK
Image_1034.jpg,VICEROY
Image_1035.jpg,STRAITED QUEEN
Image_1036.jpg,MOURNING CLOAK
Image_1037.jpg,MOURNING CLOAK
Image_1038.jpg,MOURNING CLOAK
Image_1039.jpg,MONARCH
Image_1040.jpg,MOURNING CLOAK
Image_1041.jpg,MOURNING CLOAK
Image_1042.jpg,MOURNING CLOAK
Image_1043.jpg,MOURNING CLOAK
Image_1044.jpg,CLOUDED SULPHUR
Image_1045.jpg,AFRICAN GIANT SWALLOWTAIL
Image_1046.jpg,MOURNING CLOAK
Image_1047.jpg,MOURNING CLOAK
Image_1048.jpg,MOURNING CLOAK
Image_1049.jpg,MOURNING CLOAK
Image_1050.jpg,MOURNING CLOAK
Image_1051.jpg,MOURNING CLOAK
Image_1052.jpg,MOURNING CLOAK
Image_1053.jpg,ORANGE TIP
Image_1054.jpg,MOURNING CLOAK
Image_1055.jpg,MOURNING CLOAK
Image_1056.jpg,MOURNING CLOAK
Image_1057.jpg,VICEROY
Image_1058.jpg,MOURNING CLOAK
Image_1059.jpg,SLEEPY ORANGE
Image_1060.jpg,MOURNING CLOAK
Image_1061.jpg,MOURNING CLOAK
Image_1062.jpg,MOURNING CLOAK
Image_1063.jpg,MOURNING CLOAK
Image_1064.jpg,MOURNING CLOAK
Image_1065.jpg,MOURNING CLOAK
Image_1066.jpg,MOURNING CLOAK
Image_1067.jpg,MOURNING CLOAK
Image_1068.jpg,PEACOCK
Image_1069.jpg,MOURNING CLOAK
Image_1070.jpg,MOURNING CLOAK
Image_1071.jpg,ORANGE TIP
Image_1072.jpg,MOURNING CLOAK
Image_1073.jpg,MOURNING CLOAK
Image_1074.jpg,MOURNING CLOAK
Image_1075.jpg,MOURNING CLOAK
Image_1076.jpg,MOURNING CLOAK
Image_1077.jpg,MOURNING CLOAK
Image_1078.jpg,MOURNING CLOAK
Image_1079.jpg,PEACOCK
Image_1080.jpg,MOURNING CLOAK
Image_1081.jpg,MOURNING CLOAK
Image_1082.jpg,MOURNING CLOAK
Image_1083.jpg,AN 88
Image_1084.jpg,MOURNING CLOAK
Image_1085.jpg,PEACOCK
Image_1086.jpg,CRECENT
Image_1087.jpg,MOURNING CLOAK
Image_1088.jpg,CLOUDED SULPHUR
Image_1089.jpg,MOURNING CLOAK
Image_1090.jpg,MOURNING CLOAK
Image_1091.jpg,MOURNING CLOAK
Image_1092.jpg,MOURNING CLOAK
Image_1093.jpg,MOURNING CLOAK
Image_1094.jpg,MOURNING CLOAK
Image_1095.jpg,MOURNING CLOAK
Image_1096.jpg,MOURNING CLOAK
Image_1097.jpg,AFRICAN GIANT SWALLOWTAIL
Image_1098.jpg,MOURNING CLOAK
Image_1099.jpg,MOURNING CLOAK
Image_1100.jpg,SLEEPY ORANGE
Image_1101.jpg,MOURNING CLOAK
Image_1102.jpg,MOURNING CLOAK
Image_1103.jpg,MOURNING CLOAK
Image_1104.jpg,MOURNING CLOAK
Image_1105.jpg,MOURNING CLOAK
Image_1106.jpg,MOURNING CLOAK
Image_1107.jpg,CRECENT
Image_1108.jpg,MOURNING CLOAK
Image_1109.jpg,MOURNING CLOAK
Image_1110.jpg,CLOUDED SULPHUR
Image_1111.jpg,MOURNING CLOAK
Image_1112.jpg,MOURNING CLOAK
Image_1113.jpg,MOURNING CLOAK
Image_1114.jpg,MOURNING CLOAK
Image_1115.jpg,MOURNING CLOAK
Image_1116.jpg,CLOUDED SULPHUR
Image_1117.jpg,PEACOCK
Image_1118.jpg,VICEROY
Image_1119.jpg,MOURNING CLOAK
Image_1120.jpg,MOURNING CLOAK
Image_1121.jpg,MOURNING CLOAK
Image_1122.jpg,MOURNING CLOAK
Image_1123.jpg,MOURNING CLOAK
Image_1124.jpg,MOURNING CLOAK
Image_1125.jpg,PAPER KITE
Image_1126.jpg,MOURNING CLOAK
Image_1127.jpg,MOURNING CLOAK
Image_1128.jpg,MOURNING CLOAK
Image_1129.jpg,VICEROY
Image_1130.jpg,SLEEPY ORANGE
Image_1131.jpg,MOURNING CLOAK
Image_1132.jpg,MOURNING CLOAK
Image_1133.jpg,MOURNING CLOAK
Image_1134.jpg,MOURNING CLOAK
Image_1135.jpg,MOURNING CLOAK
Image_1136.jpg,CRECENT
Image_1137.jpg,CLOUDED SULPHUR
Image_1138.jpg,MOURNING CLOAK
Image_1139.jpg,MOURNING CLOAK
Image_1140.jpg,SLEEPY ORANGE
Image_1141.jpg,MOURNING CLOAK
Image_1142.jpg,MOURNING CLOAK
Image_1143.jpg,CRECENT
Image_1144.jpg,MOURNING CLOAK
Image_1145.jpg,MOURNING CLOAK
Image_1146.jpg,MOURNING CLOAK
Image_1147.jpg,MOURNING CLOAK
Image_1148.jpg,MOURNING CLOAK
Image_1149.jpg,MOURNING CLOAK
Image_1150.jpg,CLOUDED SULPHUR
Image_1151.jpg,MOURNING CLOAK
Image_1152.jpg,MOURNING CLOAK
Image_1153.jpg,MOURNING CLOAK
Image_1154.jpg,MOURNING CLOAK
Image_1155.jpg,MOURNING CLOAK
Image_1156.jpg,MOURNING CLOAK
Image_1157.jpg,MOURNING CLOAK
Image_1158.jpg,MOURNING CLOAK
Image_1159.jpg,MOURNING CLOAK
Image_1160.jpg,MOURNING CLOAK
Image_1161.jpg,MOURNING CLOAK
Image_1162.jpg,MOURNING CLOAK
Image_1163.jpg,MOURNING CLOAK
Image_1164.jpg,MOURNING CLOAK
Image_1165.jpg,CLOUDED SULPHUR
Image_1166.jpg,CRECENT
Image_1167.jpg,MOURNING CLOAK
Image_1168.jpg,BANDED ORANGE HELICONIAN
Image_1169.jpg,MOURNING CLOAK
Image_1170.jpg,MOURNING CLOAK
Image_1171.jpg,MOURNING CLOAK
Image_1172.jpg,MOURNING CLOAK
Image_1173.jpg,CLOUDED SULPHUR
Image_1174.jpg,ELBOWED PIERROT
Image_1175.jpg,MOURNING CLOAK
Image_1176.jpg,CABBAGE WHITE
Image_1177.jpg,MOURNING CLOAK
Image_1178.jpg,MOURNING CLOAK
Image_1179.jpg,SLEEPY ORANGE
Image_1180.jpg,AN 88
Image_1181.jpg,MOURNING CLOAK
Image_1182.jpg,MOURNING CLOAK
Image_1183.jpg,CLOUDED SULPHUR
Image_1184.jpg,MOURNING CLOAK
Image_1185.jpg,MOURNING CLOAK
Image_1186.jpg,VICEROY
Image_1187.jpg,MOURNING CLOAK
Image_1188.jpg,PAPER KITE
Image_1189.jpg,MOURNING CLOAK
Image_1190.jpg,MOURNING CLOAK
Image_1191.jpg,MOURNING CLOAK
Image_1192.jpg,MOURNING CLOAK
Image_1193.jpg,MOURNING CLOAK
Image_1194.jpg,RED ADMIRAL
Image_1195.jpg,AFRICAN GIANT SWALLOWTAIL
Image_1196.jpg,PEACOCK
Image_1197.jpg,MOURNING CLOAK
Image_1198.jpg,SLEEPY ORANGE
Image_1199.jpg,MOURNING CLOAK
Image_1200.jpg,MOURNING CLOAK
Image_1201.jpg,MOURNING CLOAK
Image_1202.jpg,MOURNING CLOAK
Image_1203.jpg,MOURNING CLOAK
Image_1204.jpg,AN 88
Image_1205.jpg,MOURNING CLOAK
Image_1206.jpg,MOURNING CLOAK
Image_1207.jpg,MOURNING CLOAK
Image_1208.jpg,MOURNING CLOAK
Image_1209.jpg,MOURNING CLOAK
Image_1210.jpg,MOURNING CLOAK
Image_1211.jpg,MOURNING CLOAK
Image_1212.jpg,ELBOWED PIERROT
Image_1213.jpg,CABBAGE WHITE
Image_1214.jpg,MOURNING CLOAK
Image_1215.jpg,MOURNING CLOAK
Image_1216.jpg,MOURNING CLOAK
Image_1217.jpg,MOURNING CLOAK
Image_1218.jpg,MOURNING CLOAK
Image_1219.jpg,CLOUDED SULPHUR
Image_1220.jpg,MOURNING CLOAK
Image_1221.jpg,MOURNING CLOAK
Image_1222.jpg,CRECENT
Image_1223.jpg,MOURNING CLOAK
Image_1224.jpg,CHECQUERED SKIPPER
Image_1225.jpg,SLEEPY ORANGE
Image_1226.jpg,STRAITED QUEEN
Image_1227.jpg,MOURNING CLOAK
Image_1228.jpg,MOURNING CLOAK
Image_1229.jpg,MOURNING CLOAK
Image_1230.jpg,MOURNING CLOAK
Image_1231.jpg,ELBOWED PIERROT
Image_1232.jpg,MOURNING CLOAK
Image_1233.jpg,MOURNING CLOAK
Image_1234.jpg,MOURNING CLOAK
Image_1235.jpg,MOURNING CLOAK
Image_1236.jpg,MOURNING CLOAK
Image_1237.jpg,MOURNING CLOAK
Image_1238.jpg,MOURNING CLOAK
Image_1239.jpg,MOURNING CLOAK
Image_1240.jpg,MOURNING CLOAK
Image_1241.jpg,MOURNING CLOAK
Image_1242.jpg,MOURNING CLOAK
Image_1243.jpg,MOURNING CLOAK
Image_1244.jpg,MOURNING CLOAK
Image_1245.jpg,MOURNING CLOAK
Image_1246.jpg,MOURNING CLOAK
Image_1247.jpg,MOURNING CLOAK
Image_1248.jpg,AFRICAN GIANT SWALLOWTAIL
Image_1249.jpg,MOURNING CLOAK
Image_1250.jpg,MOURNING CLOAK
Image_1251.jpg,MOURNING CLOAK
Image_1252.jpg,MOURNING CLOAK
Image_1253.jpg,CLOUDED SULPHUR
Image_1254.jpg,MOURNING CLOAK
Image_1255.jpg,MOURNING CLOAK
Image_1256.jpg,MOURNING CLOAK
Image_1257.jpg,MOURNING CLOAK
Image_1258.jpg,MOURNING CLOAK
Image_1259.jpg,MOURNING CLOAK
Image_1260.jpg,MOURNING CLOAK
Image_1261.jpg,MOURNING CLOAK
Image_1262.jpg,MOURNING CLOAK
Image_1263.jpg,CLOUDED SULPHUR
Image_1264.jpg,VICEROY
Image_1265.jpg,MOURNING CLOAK
Image_1266.jpg,MOURNING CLOAK
Image_1267.jpg,RED ADMIRAL
Image_1268.jpg,SLEEPY ORANGE
Image_1269.jpg,CABBAGE WHITE
Image_1270.jpg,MOURNING CLOAK
Image_1271.jpg,MOURNING CLOAK
Image_1272.jpg,MOURNING CLOAK
Image_1273.jpg,ORANGE TIP
Image_1274.jpg,MOURNING CLOAK
Image_1275.jpg,MOURNING CLOAK
Image_1276.jpg,PEACOCK
Image_1277.jpg,MOURNING CLOAK
Image_1278.jpg,MOURNING CLOAK
Image_1279.jpg,MONARCH
Image_1280.jpg,MOURNING CLOAK
Image_1281.jpg,MOURNING CLOAK
Image_1282.jpg,MOURNING CLOAK
Image_1283.jpg,MOURNING CLOAK
Image_1284.jpg,MOURNING CLOAK
Image_1285.jpg,MOURNING CLOAK
Image_1286.jpg,MOURNING CLOAK
Image_1287.jpg,MOURNING CLOAK
Image_1288.jpg,MOURNING CLOAK
Image_1289.jpg,MOURNING CLOAK
Image_1290.jpg,ORANGE TIP
Image_1291.jpg,MOURNING CLOAK
Image_1292.jpg,MOURNING CLOAK
Image_1293.jpg,MOURNING CLOAK
Image_1294.jpg,MOURNING CLOAK
Image_1295.jpg,MOURNING CLOAK
Image_1296.jpg,MOURNING CLOAK
Image_1297.jpg,AN 88
Image_1298.jpg,MOURNING CLOAK
Image_1299.jpg,MOURNING CLOAK
Image_1300.jpg,MOURNING CLOAK
Image_1301.jpg,MOURNING CLOAK
Image_1302.jpg,MOURNING CLOAK
Image_1303.jpg,ORANGE TIP
Image_1304.jpg,MOURNING CLOAK
Image_1305.jpg,MOURNING CLOAK
Image_1306.jpg,MOURNING CLOAK
Image_1307.jpg,MOURNING CLOAK
Image_1308.jpg,VICEROY
Image_1309.jpg,MOURNING CLOAK
Image_1310.jpg,STRAITED QUEEN
Image_1311.jpg,MOURNING CLOAK
Image_1312.jpg,QUESTION MARK
Image_1313.jpg,MOURNING CLOAK
Image_1314.jpg,MOURNING CLOAK
Image_1315.jpg,MOURNING CLOAK
Image_1316.jpg,MOURNING CLOAK
Image_1317.jpg,RED ADMIRAL
Image_1318.jpg,MOURNING CLOAK
Image_1319.jpg,MOURNING CLOAK
Image_1320.jpg,SLEEPY ORANGE
Image_1321.jpg,MOURNING CLOAK
Image_1322.jpg,AFRICAN GIANT SWALLOWTAIL
Image_1323.jpg,MOURNING CLOAK
Image_1324.jpg,MOURNING CLOAK
Image_1325.jpg,MOURNING CLOAK
Image_1326.jpg,RED ADMIRAL
Image_1327.jpg,MOURNING CLOAK
Image_1328.jpg,MOURNING CLOAK
Image_1329.jpg,CABBAGE WHITE
Image_1330.jpg,MOURNING CLOAK
Image_1331.jpg,MOURNING CLOAK
Image_1332.jpg,MONARCH
Image_1333.jpg,MOURNING CLOAK
Image_1334.jpg,MOURNING CLOAK
Image_1335.jpg,MOURNING CLOAK
Image_1336.jpg,CLOUDED SULPHUR
Image_1337.jpg,CLOUDED SULPHUR
Image_1338.jpg,MOURNING CLOAK
Image_1339.jpg,MOURNING CLOAK
Image_1340.jpg,MOURNING CLOAK
Image_1341.jpg,MOURNING CLOAK
Image_1342.jpg,MOURNING CLOAK
Image_1343.jpg,PEACOCK
Image_1344.jpg,MOURNING CLOAK
Image_1345.jpg,MOURNING CLOAK
Image_1346.jpg,MOURNING CLOAK
Image_1347.jpg,CHECQUERED SKIPPER
Image_1348.jpg,MOURNING CLOAK
Image_1349.jpg,MOURNING CLOAK
Image_1350.jpg,MOURNING CLOAK
Image_1351.jpg,SLEEPY ORANGE
Image_1352.jpg,MOURNING CLOAK
Image_1353.jpg,MOURNING CLOAK
Image_1354.jpg,SLEEPY ORANGE
Image_1355.jpg,MOURNING CLOAK
Image_1356.jpg,QUESTION MARK
Image_1357.jpg,MOURNING CLOAK
Image_1358.jpg,MOURNING CLOAK
Image_1359.jpg,MOURNING CLOAK
Image_1360.jpg,MOURNING CLOAK
Image_1361.jpg,MOURNING CLOAK
Image_1362.jpg,AFRICAN GIANT SWALLOWTAIL
Image_1363.jpg,MOURNING CLOAK
Image_1364.jpg,MOURNING CLOAK
Image_1365.jpg,MOURNING CLOAK
Image_1366.jpg,RED ADMIRAL
Image_1367.jpg,MOURNING CLOAK
Image_1368.jpg,MOURNING CLOAK
Image_1369.jpg,MOURNING CLOAK
Image_1370.jpg,CRECENT
Image_1371.jpg,STRAITED QUEEN
Image_1372.jpg,MOURNING CLOAK
Image_1373.jpg,CABBAGE WHITE
Image_1374.jpg,MOURNING CLOAK
Image_1375.jpg,MOURNING CLOAK
Image_1376.jpg,MOURNING CLOAK
Image_1377.jpg,ORANGE TIP
Image_1378.jpg,MOURNING CLOAK
Image_1379.jpg,CLOUDED SULPHUR
Image_1380.jpg,MOURNING CLOAK
Image_1381.jpg,VICEROY
Image_1382.jpg,MOURNING CLOAK
Image_1383.jpg,MOURNING CLOAK
Image_1384.jpg,MOURNING CLOAK
Image_1385.jpg,CABBAGE WHITE
Image_1386.jpg,MOURNING CLOAK
Image_1387.jpg,VICEROY
Image_1388.jpg,MONARCH
Image_1389.jpg,MOURNING CLOAK
Image_1390.jpg,SLEEPY ORANGE
Image_1391.jpg,MOURNING CLOAK
Image_1392.jpg,CRECENT
Image_1393.jpg,MOURNING CLOAK
Image_1394.jpg,MOURNING CLOAK
Image_1395.jpg,MOURNING CLOAK
Image_1396.jpg,MOURNING CLOAK
Image_1397.jpg,MOURNING CLOAK
Image_1398.jpg,MOURNING CLOAK
Image_1399.jpg,MOURNING CLOAK
Image_1400.jpg,PEACOCK
Image_1401.jpg,MOURNING CLOAK
Image_1402.jpg,AFRICAN GIANT SWALLOWTAIL
Image_1403.jpg,MOURNING CLOAK
Image_1404.jpg,MOURNING CLOAK
Image_1405.jpg,MOURNING CLOAK
Image_1406.jpg,MOURNING CLOAK
Image_1407.jpg,PEACOCK
Image_1408.jpg,MOURNING CLOAK
Image_1409.jpg,CLOUDED SULPHUR
Image_1410.jpg,MOURNING CLOAK
Image_1411.jpg,MOURNING CLOAK
Image_1412.jpg,MOURNING CLOAK
Image_1413.jpg,MOURNING CLOAK
Image_1414.jpg,MOURNING CLOAK
Image_1415.jpg,MOURNING CLOAK
Image_1416.jpg,MOURNING CLOAK
Image_1417.jpg,MOURNING CLOAK
Image_1418.jpg,MOURNING CLOAK
Image_1419.jpg,MOURNING CLOAK
Image_1420.jpg,CABBAGE WHITE
Image_1421.jpg,SLEEPY ORANGE
Image_1422.jpg,MOURNING CLOAK
Image_1423.jpg,MOURNING CLOAK
Image_1424.jpg,MOURNING CLOAK
Image_1425.jpg,MOURNING CLOAK
Image_1426.jpg,MOURNING CLOAK
Image_1427.jpg,MOURNING CLOAK
Image_1428.jpg,MOURNING CLOAK
Image_1429.jpg,CLOUDED SULPHUR
Image_1430.jpg,CLOUDED SULPHUR
Image_1431.jpg,CLOUDED SULPHUR
Image_1432.jpg,MOURNING CLOAK
Image_1433.jpg,MONARCH
Image_1434.jpg,MOURNING CLOAK
Image_1435.jpg,ELBOWED PIERROT
Image_1436.jpg,MOURNING CLOAK
Image_1437.jpg,MOURNING CLOAK
Image_1438.jpg,MONARCH
Image_1439.jpg,MOURNING CLOAK
Image_1440.jpg,MOURNING CLOAK
Image_1441.jpg,MOURNING CLOAK
Image_1442.jpg,MOURNING CLOAK
Image_1443.jpg,ELBOWED PIERROT
Image_1444.jpg,CLOUDED SULPHUR
Image_1445.jpg,MOURNING CLOAK
Image_1446.jpg,MOURNING CLOAK
Image_1447.jpg,MOURNING CLOAK
Image_1448.jpg,MOURNING CLOAK
Image_1449.jpg,MOURNING CLOAK
Image_1450.jpg,MOURNING CLOAK
Image_1451.jpg,MOURNING CLOAK
Image_1452.jpg,MOURNING CLOAK
Image_1453.jpg,SLEEPY ORANGE
Image_1454.jpg,SLEEPY ORANGE
Image_1455.jpg,MOURNING CLOAK
Image_1456.jpg,MONARCH
Image_1457.jpg,SLEEPY ORANGE
Image_1458.jpg,MOURNING CLOAK
Image_1459.jpg,MOURNING CLOAK
Image_1460.jpg,MOURNING CLOAK
Image_1461.jpg,RED ADMIRAL
Image_1462.jpg,MOURNING CLOAK
Image_1463.jpg,PEACOCK
Image_1464.jpg,MOURNING CLOAK
Image_1465.jpg,MOURNING CLOAK
Image_1466.jpg,MOURNING CLOAK
Image_1467.jpg,MOURNING CLOAK
Image_1468.jpg,MONARCH
Image_1469.jpg,MOURNING CLOAK
Image_1470.jpg,MOURNING CLOAK
Image_1471.jpg,CLOUDED SULPHUR
Image_1472.jpg,MOURNING CLOAK
Image_1473.jpg,MOURNING CLOAK
Image_1474.jpg,ORANGE TIP
Image_1475.jpg,MOURNING CLOAK
Image_1476.jpg,MOURNING CLOAK
Image_1477.jpg,PEACOCK
Image_1478.jpg,MOURNING CLOAK
Image_1479.jpg,CLOUDED SULPHUR
Image_1480.jpg,CLOUDED SULPHUR
Image_1481.jpg,MOURNING CLOAK
Image_1482.jpg,CLOUDED SULPHUR
Image_1483.jpg,MOURNING CLOAK
Image_1484.jpg,MOURNING CLOAK
Image_1485.jpg,MOURNING CLOAK
Image_1486.jpg,MOURNING CLOAK
Image_1487.jpg,MOURNING CLOAK
Image_1488.jpg,MOURNING CLOAK
Image_1489.jpg,CRECENT
Image_1490.jpg,MOURNING CLOAK
Image_1491.jpg,MOURNING CLOAK
Image_1492.jpg,SLEEPY ORANGE
Image_1493.jpg,MOURNING CLOAK
Image_1494.jpg,MOURNING CLOAK
Image_1495.jpg,MOURNING CLOAK
Image_1496.jpg,MOURNING CLOAK
Image_1497.jpg,MOURNING CLOAK
Image_1498.jpg,MOURNING CLOAK
Image_1499.jpg,MOURNING CLOAK
Image_1500.jpg,MONARCH
Image_1501.jpg,MOURNING CLOAK
Image_1502.jpg,MOURNING CLOAK
Image_1503.jpg,MOURNING CLOAK
Image_1504.jpg,PEACOCK
Image_1505.jpg,MOURNING CLOAK
Image_1506.jpg,MOURNING CLOAK
Image_1507.jpg,MOURNING CLOAK
Image_1508.jpg,MOURNING CLOAK
Image_1509.jpg,MOURNING CLOAK
Image_1510.jpg,MOURNING CLOAK
Image_1511.jpg,MOURNING CLOAK
Image_1512.jpg,MOURNING CLOAK
Image_1513.jpg,MOURNING CLOAK
Image_1514.jpg,MOURNING CLOAK
Image_1515.jpg,MOURNING CLOAK
Image_1516.jpg,MOURNING CLOAK
Image_1517.jpg,MOURNING CLOAK
Image_1518.jpg,MOURNING CLOAK
Image_1519.jpg,SLEEPY ORANGE
Image_1520.jpg,MOURNING CLOAK
Image_1521.jpg,SLEEPY ORANGE
Image_1522.jpg,MOURNING CLOAK
Image_1523.jpg,MOURNING CLOAK
Image_1524.jpg,MOURNING CLOAK
Image_1525.jpg,AFRICAN GIANT SWALLOWTAIL
Image_1526.jpg,MOURNING CLOAK
Image_1527.jpg,MOURNING CLOAK
Image_1528.jpg,CLOUDED SULPHUR
Image_1529.jpg,MOURNING CLOAK
Image_1530.jpg,MOURNING CLOAK
Image_1531.jpg,MOURNING CLOAK
Image_1532.jpg,MOURNING CLOAK
Image_1533.jpg,MOURNING CLOAK
Image_1534.jpg,ORANGE TIP
Image_1535.jpg,SLEEPY ORANGE
Image_1536.jpg,MOURNING CLOAK
Image_1537.jpg,MOURNING CLOAK
Image_1538.jpg,MOURNING CLOAK
Image_1539.jpg,CLOUDED SULPHUR
Image_1540.jpg,MOURNING CLOAK
Image_1541.jpg,MOURNING CLOAK
Image_1542.jpg,MOURNING CLOAK
Image_1543.jpg,CABBAGE WHITE
Image_1544.jpg,ORANGE TIP
Image_1545.jpg,MOURNING CLOAK
Image_1546.jpg,MOURNING CLOAK
Image_1547.jpg,MOURNING CLOAK
Image_1548.jpg,MOURNING CLOAK
Image_1549.jpg,MOURNING CLOAK
Image_1550.jpg,MOURNING CLOAK
Image_1551.jpg,MOURNING CLOAK
Image_1552.jpg,MOURNING CLOAK
Image_1553.jpg,MOURNING CLOAK
Image_1554.jpg,MOURNING CLOAK
Image_1555.jpg,MOURNING CLOAK
Image_1556.jpg,MOURNING CLOAK
Image_1557.jpg,MOURNING CLOAK
Image_1558.jpg,MOURNING CLOAK
Image_1559.jpg,CLOUDED SULPHUR
Image_1560.jpg,MOURNING CLOAK
Image_1561.jpg,CLOUDED SULPHUR
Image_1562.jpg,MOURNING CLOAK
Image_1563.jpg,SLEEPY ORANGE
Image_1564.jpg,MOURNING CLOAK
Image_1565.jpg,MOURNING CLOAK
Image_1566.jpg,MOURNING CLOAK
Image_1567.jpg,MOURNING CLOAK
Image_1568.jpg,MOURNING CLOAK
Image_1569.jpg,MOURNING CLOAK
Image_1570.jpg,MOURNING CLOAK
Image_1571.jpg,CLOUDED SULPHUR
Image_1572.jpg,ELBOWED PIERROT
Image_1573.jpg,MOURNING CLOAK
Image_1574.jpg,MOURNING CLOAK
Image_1575.jpg,MOURNING CLOAK
Image_1576.jpg,MOURNING CLOAK
Image_1577.jpg,MOURNING CLOAK
Image_1578.jpg,MOURNING CLOAK
Image_1579.jpg,MOURNING CLOAK
Image_1580.jpg,MOURNING CLOAK
Image_1581.jpg,ORANGE TIP
Image_1582.jpg,MOURNING CLOAK
Image_1583.jpg,MOURNING CLOAK
Image_1584.jpg,MOURNING CLOAK
Image_1585.jpg,AN 88
Image_1586.jpg,MOURNING CLOAK
Image_1587.jpg,MOURNING CLOAK
Image_1588.jpg,CLOUDED SULPHUR
Image_1589.jpg,MOURNING CLOAK
Image_1590.jpg,MOURNING CLOAK
Image_1591.jpg,MOURNING CLOAK
Image_1592.jpg,MOURNING CLOAK
Image_1593.jpg,MOURNING CLOAK
Image_1594.jpg,MOURNING CLOAK
Image_1595.jpg,MOURNING CLOAK
Image_1596.jpg,MOURNING CLOAK
Image_1597.jpg,MOURNING CLOAK
Image_1598.jpg,MOURNING CLOAK
Image_1599.jpg,MOURNING CLOAK
Image_1600.jpg,PEACOCK
Image_1601.jpg,ORANGE TIP
Image_1602.jpg,MOURNING CLOAK
Image_1603.jpg,MOURNING CLOAK
Image_1604.jpg,ELBOWED PIERROT
Image_1605.jpg,MOURNING CLOAK
Image_1606.jpg,MOURNING CLOAK
Image_1607.jpg,MOURNING CLOAK
Image_1608.jpg,MOURNING CLOAK
Image_1609.jpg,MOURNING CLOAK
Image_1610.jpg,CLOUDED SULPHUR
Image_1611.jpg,AN 88
Image_1612.jpg,MOURNING CLOAK
Image_1613.jpg,MOURNING CLOAK
Image_1614.jpg,AFRICAN GIANT SWALLOWTAIL
Image_1615.jpg,MOURNING CLOAK
Image_1616.jpg,PEACOCK
Image_1617.jpg,MOURNING CLOAK
Image_1618.jpg,ELBOWED PIERROT
Image_1619.jpg,MOURNING CLOAK
Image_1620.jpg,MOURNING CLOAK
Image_1621.jpg,RED ADMIRAL
Image_1622.jpg,PEACOCK
Image_1623.jpg,MOURNING CLOAK
Image_1624.jpg,CLOUDED SULPHUR
Image_1625.jpg,MOURNING CLOAK
Image_1626.jpg,VICEROY
Image_1627.jpg,MOURNING CLOAK
Image_1628.jpg,MOURNING CLOAK
Image_1629.jpg,MOURNING CLOAK
Image_1630.jpg,MOURNING CLOAK
Image_1631.jpg,CLOUDED SULPHUR
Image_1632.jpg,MOURNING CLOAK
Image_1633.jpg,MOURNING CLOAK
Image_1634.jpg,MOURNING CLOAK
Image_1635.jpg,MOURNING CLOAK
Image_1636.jpg,MOURNING CLOAK
Image_1637.jpg,MOURNING CLOAK
Image_1638.jpg,MOURNING CLOAK
Image_1639.jpg,MOURNING CLOAK
Image_1640.jpg,CRECENT
Image_1641.jpg,MOURNING CLOAK
Image_1642.jpg,CLOUDED SULPHUR
Image_1643.jpg,CHECQUERED SKIPPER
Image_1644.jpg,VICEROY
Image_1645.jpg,MOURNING CLOAK
Image_1646.jpg,SLEEPY ORANGE
Image_1647.jpg,MOURNING CLOAK
Image_1648.jpg,MOURNING CLOAK
Image_1649.jpg,VICEROY
Image_1650.jpg,MOURNING CLOAK
Image_1651.jpg,MOURNING CLOAK
Image_1652.jpg,MOURNING CLOAK
Image_1653.jpg,MOURNING CLOAK
Image_1654.jpg,MONARCH
Image_1655.jpg,MOURNING CLOAK
Image_1656.jpg,MOURNING CLOAK
Image_1657.jpg,MOURNING CLOAK
Image_1658.jpg,MOURNING CLOAK
Image_1659.jpg,MOURNING CLOAK
Image_1660.jpg,MOURNING CLOAK
Image_1661.jpg,MOURNING CLOAK
Image_1662.jpg,CLOUDED SULPHUR
Image_1663.jpg,MOURNING CLOAK
Image_1664.jpg,CLOUDED SULPHUR
Image_1665.jpg,MOURNING CLOAK
Image_1666.jpg,SLEEPY ORANGE
Image_1667.jpg,MOURNING CLOAK
Image_1668.jpg,MOURNING CLOAK
Image_1669.jpg,MOURNING CLOAK
Image_1670.jpg,MOURNING CLOAK
Image_1671.jpg,MOURNING CLOAK
Image_1672.jpg,MOURNING CLOAK
Image_1673.jpg,MOURNING CLOAK
Image_1674.jpg,MONARCH
Image_1675.jpg,MOURNING CLOAK
Image_1676.jpg,MOURNING CLOAK
Image_1677.jpg,MOURNING CLOAK
Image_1678.jpg,MOURNING CLOAK
Image_1679.jpg,STRAITED QUEEN
Image_1680.jpg,AN 88
Image_1681.jpg,MOURNING CLOAK
Image_1682.jpg,MOURNING CLOAK
Image_1683.jpg,MOURNING CLOAK
Image_1684.jpg,CLOUDED SULPHUR
Image_1685.jpg,MOURNING CLOAK
Image_1686.jpg,BANDED ORANGE HELICONIAN
Image_1687.jpg,MOURNING CLOAK
Image_1688.jpg,MOURNING CLOAK
Image_1689.jpg,MOURNING CLOAK
Image_1690.jpg,MOURNING CLOAK
Image_1691.jpg,CLOUDED SULPHUR
Image_1692.jpg,MOURNING CLOAK
Image_1693.jpg,CLOUDED SULPHUR
Image_1694.jpg,MOURNING CLOAK
Image_1695.jpg,CRECENT
Image_1696.jpg,MOURNING CLOAK
Image_1697.jpg,MOURNING CLOAK
Image_1698.jpg,MOURNING CLOAK
Image_1699.jpg,RED ADMIRAL
Image_1700.jpg,CLOUDED SULPHUR
Image_1701.jpg,MOURNING CLOAK
Image_1702.jpg,MOURNING CLOAK
Image_1703.jpg,MOURNING CLOAK
Image_1704.jpg,MOURNING CLOAK
Image_1705.jpg,MOURNING CLOAK
Image_1706.jpg,MOURNING CLOAK
Image_1707.jpg,STRAITED QUEEN
Image_1708.jpg,MOURNING CLOAK
Image_1709.jpg,VICEROY
Image_1710.jpg,MOURNING CLOAK
Image_1711.jpg,RED ADMIRAL
Image_1712.jpg,AN 88
Image_1713.jpg,PEACOCK
Image_1714.jpg,MOURNING CLOAK
Image_1715.jpg,STRAITED QUEEN
Image_1716.jpg,CLOUDED SULPHUR
Image_1717.jpg,CABBAGE WHITE
Image_1718.jpg,MOURNING CLOAK
Image_1719.jpg,MOURNING CLOAK
Image_1720.jpg,MOURNING CLOAK
Image_1721.jpg,ELBOWED PIERROT
Image_1722.jpg,VICEROY
Image_1723.jpg,CLOUDED SULPHUR
Image_1724.jpg,QUESTION MARK
Image_1725.jpg,MOURNING CLOAK
Image_1726.jpg,MOURNING CLOAK
Image_1727.jpg,MOURNING CLOAK
Image_1728.jpg,MOURNING CLOAK
Image_1729.jpg,MOURNING CLOAK
Image_1730.jpg,QUESTION MARK
Image_1731.jpg,MOURNING CLOAK
Image_1732.jpg,MOURNING CLOAK
Image_1733.jpg,MOURNING CLOAK
Image_1734.jpg,MOURNING CLOAK
Image_1735.jpg,MONARCH
Image_1736.jpg,MOURNING CLOAK
Image_1737.jpg,CRECENT
Image_1738.jpg,MOURNING CLOAK
Image_1739.jpg,CLOUDED SULPHUR
Image_1740.jpg,MOURNING CLOAK
Image_1741.jpg,MOURNING CLOAK
Image_1742.jpg,MOURNING CLOAK
Image_1743.jpg,MOURNING CLOAK
Image_1744.jpg,MOURNING CLOAK
Image_1745.jpg,MOURNING CLOAK
Image_1746.jpg,MOURNING CLOAK
Image_1747.jpg,MOURNING CLOAK
Image_1748.jpg,MOURNING CLOAK
Image_1749.jpg,MOURNING CLOAK
Image_1750.jpg,MOURNING CLOAK
Image_1751.jpg,MOURNING CLOAK
Image_1752.jpg,MOURNING CLOAK
Image_1753.jpg,MOURNING CLOAK
Image_1754.jpg,MOURNING CLOAK
Image_1755.jpg,MOURNING CLOAK
Image_1756.jpg,MOURNING CLOAK
Image_1757.jpg,MOURNING CLOAK
Image_1758.jpg,MOURNING CLOAK
Image_1759.jpg,CLOUDED SULPHUR
Image_1760.jpg,MOURNING CLOAK
Image_1761.jpg,MOURNING CLOAK
Image_1762.jpg,MOURNING CLOAK
Image_1763.jpg,MOURNING CLOAK
Image_1764.jpg,CLOUDED SULPHUR
Image_1765.jpg,VICEROY
Image_1766.jpg,STRAITED QUEEN
Image_1767.jpg,MOURNING CLOAK
Image_1768.jpg,MOURNING CLOAK
Image_1769.jpg,MOURNING CLOAK
Image_1770.jpg,QUESTION MARK
Image_1771.jpg,MOURNING CLOAK
Image_1772.jpg,MOURNING CLOAK
Image_1773.jpg,MOURNING CLOAK
Image_1774.jpg,MOURNING CLOAK
Image_1775.jpg,MOURNING CLOAK
Image_1776.jpg,ELBOWED PIERROT
Image_1777.jpg,MOURNING CLOAK
Image_1778.jpg,MOURNING CLOAK
Image_1779.jpg,MOURNING CLOAK
Image_1780.jpg,MOURNING CLOAK
Image_1781.jpg,MOURNING CLOAK
Image_1782.jpg,MOURNING CLOAK
Image_1783.jpg,MOURNING CLOAK
Image_1784.jpg,MOURNING CLOAK
Image_1785.jpg,AN 88
Image_1786.jpg,MOURNING CLOAK
Image_1787.jpg,MOURNING CLOAK
Image_1788.jpg,MOURNING CLOAK
Image_1789.jpg,MOURNING CLOAK
Image_1790.jpg,MOURNING CLOAK
Image_1791.jpg,MOURNING CLOAK
Image_1792.jpg,RED ADMIRAL
Image_1793.jpg,MOURNING CLOAK
Image_1794.jpg,MOURNING CLOAK
Image_1795.jpg,SLEEPY ORANGE
Image_1796.jpg,AN 88
Image_1797.jpg,ORANGE TIP
Image_1798.jpg,CLOUDED SULPHUR
Image_1799.jpg,MOURNING CLOAK
Image_1800.jpg,AFRICAN GIANT SWALLOWTAIL
Image_1801.jpg,PEACOCK
Image_1802.jpg,MOURNING CLOAK
Image_1803.jpg,AN 88
Image_1804.jpg,MOURNING CLOAK
Image_1805.jpg,CRECENT
Image_1806.jpg,SLEEPY ORANGE
Image_1807.jpg,CLOUDED SULPHUR
Image_1808.jpg,MOURNING CLOAK
Image_1809.jpg,MOURNING CLOAK
Image_1810.jpg,QUESTION MARK
Image_1811.jpg,MOURNING CLOAK
Image_1812.jpg,MOURNING CLOAK
Image_1813.jpg,MOURNING CLOAK
Image_1814.jpg,ORANGE TIP
Image_1815.jpg,SLEEPY ORANGE
Image_1816.jpg,MOURNING CLOAK
Image_1817.jpg,MOURNING CLOAK
Image_1818.jpg,MOURNING CLOAK
Image_1819.jpg,MONARCH
Image_1820.jpg,MOURNING CLOAK
Image_1821.jpg,MOURNING CLOAK
Image_1822.jpg,MOURNING CLOAK
Image_1823.jpg,MOURNING CLOAK
Image_1824.jpg,MONARCH
Image_1825.jpg,MOURNING CLOAK
Image_1826.jpg,AFRICAN GIANT SWALLOWTAIL
Image_1827.jpg,MOURNING CLOAK
Image_1828.jpg,MOURNING CLOAK
Image_1829.jpg,QUESTION MARK
Image_1830.jpg,MOURNING CLOAK
Image_1831.jpg,RED ADMIRAL
Image_1832.jpg,MOURNING CLOAK
Image_1833.jpg,MOURNING CLOAK
Image_1834.jpg,MOURNING CLOAK
Image_1835.jpg,CABBAGE WHITE
Image_1836.jpg,MOURNING CLOAK
Image_1837.jpg,MOURNING CLOAK
Image_1838.jpg,MOURNING CLOAK
Image_1839.jpg,MOURNING CLOAK
Image_1840.jpg,MOURNING CLOAK
Image_1841.jpg,SLEEPY ORANGE
Image_1842.jpg,MOURNING CLOAK
Image_1843.jpg,MOURNING CLOAK
Image_1844.jpg,MOURNING CLOAK
Image_1845.jpg,MOURNING CLOAK
Image_1846.jpg,MOURNING CLOAK
Image_1847.jpg,MOURNING CLOAK
Image_1848.jpg,MOURNING CLOAK
Image_1849.jpg,CRECENT
Image_1850.jpg,MOURNING CLOAK
Image_1851.jpg,CRECENT
Image_1852.jpg,MOURNING CLOAK
Image_1853.jpg,SLEEPY ORANGE
Image_1854.jpg,ORANGE TIP
Image_1855.jpg,CLOUDED SULPHUR
Image_1856.jpg,AFRICAN GIANT SWALLOWTAIL
Image_1857.jpg,CRECENT
Image_1858.jpg,MOURNING CLOAK
Image_1859.jpg,MOURNING CLOAK
Image_1860.jpg,CLOUDED SULPHUR
Image_1861.jpg,MOURNING CLOAK
Image_1862.jpg,MOURNING CLOAK
Image_1863.jpg,RED ADMIRAL
Image_1864.jpg,MOURNING CLOAK
Image_1865.jpg,MOURNING CLOAK
Image_1866.jpg,MOURNING CLOAK
Image_1867.jpg,PEACOCK
Image_1868.jpg,MOURNING CLOAK
Image_1869.jpg,MOURNING CLOAK
Image_1870.jpg,MOURNING CLOAK
Image_1871.jpg,MOURNING CLOAK
Image_1872.jpg,MOURNING CLOAK
Image_1873.jpg,MOURNING CLOAK
Image_1874.jpg,CRECENT
Image_1875.jpg,SLEEPY ORANGE
Image_1876.jpg,MOURNING CLOAK
Image_1877.jpg,MOURNING CLOAK
Image_1878.jpg,SLEEPY ORANGE
Image_1879.jpg,SLEEPY ORANGE
Image_1880.jpg,MOURNING CLOAK
Image_1881.jpg,MOURNING CLOAK
Image_1882.jpg,MOURNING CLOAK
Image_1883.jpg,CLOUDED SULPHUR
Image_1884.jpg,MOURNING CLOAK
Image_1885.jpg,MOURNING CLOAK
Image_1886.jpg,MOURNING CLOAK
Image_1887.jpg,MOURNING CLOAK
Image_1888.jpg,MOURNING CLOAK
Image_1889.jpg,RED ADMIRAL
Image_1890.jpg,MOURNING CLOAK
Image_1891.jpg,MOURNING CLOAK
Image_1892.jpg,VICEROY
Image_1893.jpg,MONARCH
Image_1894.jpg,CHECQUERED SKIPPER
Image_1895.jpg,MOURNING CLOAK
Image_1896.jpg,MOURNING CLOAK
Image_1897.jpg,MOURNING CLOAK
Image_1898.jpg,MOURNING CLOAK
Image_1899.jpg,MOURNING CLOAK
Image_1900.jpg,MOURNING CLOAK
Image_1901.jpg,MOURNING CLOAK
Image_1902.jpg,MOURNING CLOAK
Image_1903.jpg,CRECENT
Image_1904.jpg,MOURNING CLOAK
Image_1905.jpg,PEACOCK
Image_1906.jpg,ELBOWED PIERROT
Image_1907.jpg,MOURNING CLOAK
Image_1908.jpg,MOURNING CLOAK
Image_1909.jpg,MOURNING CLOAK
Image_1910.jpg,MOURNING CLOAK
Image_1911.jpg,MOURNING CLOAK
Image_1912.jpg,MOURNING CLOAK
Image_1913.jpg,PEACOCK
Image_1914.jpg,AFRICAN GIANT SWALLOWTAIL
Image_1915.jpg,SLEEPY ORANGE
Image_1916.jpg,MOURNING CLOAK
Image_1917.jpg,MOURNING CLOAK
Image_1918.jpg,MOURNING CLOAK
Image_1919.jpg,MOURNING CLOAK
Image_1920.jpg,MOURNING CLOAK
Image_1921.jpg,MOURNING CLOAK
Image_1922.jpg,MOURNING CLOAK
Image_1923.jpg,CABBAGE WHITE
Image_1924.jpg,MOURNING CLOAK
Image_1925.jpg,MOURNING CLOAK
Image_1926.jpg,MOURNING CLOAK
Image_1927.jpg,MOURNING CLOAK
Image_1928.jpg,MOURNING CLOAK
Image_1929.jpg,MOURNING CLOAK
Image_1930.jpg,MOURNING CLOAK
Image_1931.jpg,MOURNING CLOAK
Image_1932.jpg,MOURNING CLOAK
Image_1933.jpg,MOURNING CLOAK
Image_1934.jpg,MOURNING CLOAK
Image_1935.jpg,MOURNING CLOAK
Image_1936.jpg,MOURNING CLOAK
Image_1937.jpg,MOURNING CLOAK
Image_1938.jpg,MOURNING CLOAK
Image_1939.jpg,MOURNING CLOAK
Image_1940.jpg,MOURNING CLOAK
Image_1941.jpg,MOURNING CLOAK
Image_1942.jpg,MOURNING CLOAK
Image_1943.jpg,CLOUDED SULPHUR
Image_1944.jpg,CLOUDED SULPHUR
Image_1945.jpg,VICEROY
Image_1946.jpg,MOURNING CLOAK
Image_1947.jpg,MOURNING CLOAK
Image_1948.jpg,MOURNING CLOAK
Image_1949.jpg,MOURNING CLOAK
Image_1950.jpg,MOURNING CLOAK
Image_1951.jpg,AFRICAN GIANT SWALLOWTAIL
Image_1952.jpg,QUESTION MARK
Image_1953.jpg,MOURNING CLOAK
Image_1954.jpg,MOURNING CLOAK
Image_1955.jpg,MOURNING CLOAK
Image_1956.jpg,MOURNING CLOAK
Image_1957.jpg,MOURNING CLOAK
Image_1958.jpg,MOURNING CLOAK
Image_1959.jpg,VICEROY
Image_1960.jpg,MOURNING CLOAK
Image_1961.jpg,MOURNING CLOAK
Image_1962.jpg,MOURNING CLOAK
Image_1963.jpg,MOURNING CLOAK
Image_1964.jpg,MOURNING CLOAK
Image_1965.jpg,MOURNING CLOAK
Image_1966.jpg,PAPER KITE
Image_1967.jpg,MOURNING CLOAK
Image_1968.jpg,MOURNING CLOAK
Image_1969.jpg,CLOUDED SULPHUR
Image_1970.jpg,MOURNING CLOAK
Image_1971.jpg,MOURNING CLOAK
Image_1972.jpg,MOURNING CLOAK
Image_1973.jpg,MOURNING CLOAK
Image_1974.jpg,MOURNING CLOAK
Image_1975.jpg,MOURNING CLOAK
Image_1976.jpg,CRECENT
Image_1977.jpg,MOURNING CLOAK
Image_1978.jpg,MOURNING CLOAK
Image_1979.jpg,MOURNING CLOAK
Image_1980.jpg,MOURNING CLOAK
Image_1981.jpg,MOURNING CLOAK
Image_1982.jpg,MOURNING CLOAK
Image_1983.jpg,MOURNING CLOAK
Image_1984.jpg,CLOUDED SULPHUR
Image_1985.jpg,MOURNING CLOAK
Image_1986.jpg,MOURNING CLOAK
Image_1987.jpg,MOURNING CLOAK
Image_1988.jpg,VICEROY
Image_1989.jpg,CHECQUERED SKIPPER
Image_1990.jpg,MOURNING CLOAK
Image_1991.jpg,MOURNING CLOAK
Image_1992.jpg,MOURNING CLOAK
Image_1993.jpg,MOURNING CLOAK
Image_1994.jpg,MOURNING CLOAK
Image_1995.jpg,MOURNING CLOAK
Image_1996.jpg,SLEEPY ORANGE
Image_1997.jpg,MOURNING CLOAK
Image_1998.jpg,CLOUDED SULPHUR
Image_1999.jpg,MOURNING CLOAK
Image_2000.jpg,MOURNING CLOAK
Image_2001.jpg,VICEROY
Image_2002.jpg,MOURNING CLOAK
Image_2003.jpg,CLOUDED SULPHUR
Image_2004.jpg,MOURNING CLOAK
Image_2005.jpg,MOURNING CLOAK
Image_2006.jpg,MOURNING CLOAK
Image_2007.jpg,MOURNING CLOAK
Image_2008.jpg,MOURNING CLOAK
Image_2009.jpg,MOURNING CLOAK
Image_2010.jpg,MOURNING CLOAK
Image_2011.jpg,MOURNING CLOAK
Image_2012.jpg,MOURNING CLOAK
Image_2013.jpg,SLEEPY ORANGE
Image_2014.jpg,CLOUDED SULPHUR
Image_2015.jpg,MOURNING CLOAK
Image_2016.jpg,MOURNING CLOAK
Image_2017.jpg,MOURNING CLOAK
Image_2018.jpg,MOURNING CLOAK
Image_2019.jpg,STRAITED QUEEN
Image_2020.jpg,MOURNING CLOAK
Image_2021.jpg,MOURNING CLOAK
Image_2022.jpg,MOURNING CLOAK
Image_2023.jpg,MOURNING CLOAK
Image_2024.jpg,MOURNING CLOAK
Image_2025.jpg,MOURNING CLOAK
Image_2026.jpg,MOURNING CLOAK
Image_2027.jpg,MOURNING CLOAK
Image_2028.jpg,MOURNING CLOAK
Image_2029.jpg,MOURNING CLOAK
Image_2030.jpg,MOURNING CLOAK
Image_2031.jpg,MOURNING CLOAK
Image_2032.jpg,MOURNING CLOAK
Image_2033.jpg,SLEEPY ORANGE
Image_2034.jpg,MOURNING CLOAK
Image_2035.jpg,MOURNING CLOAK
Image_2036.jpg,MOURNING CLOAK
Image_2037.jpg,MOURNING CLOAK
Image_2038.jpg,MOURNING CLOAK
Image_2039.jpg,MOURNING CLOAK
Image_2040.jpg,MOURNING CLOAK
Image_2041.jpg,RED ADMIRAL
Image_2042.jpg,MOURNING CLOAK
Image_2043.jpg,MOURNING CLOAK
Image_2044.jpg,MOURNING CLOAK
Image_2045.jpg,AFRICAN GIANT SWALLOWTAIL
Image_2046.jpg,MOURNING CLOAK
Image_2047.jpg,MOURNING CLOAK
Image_2048.jpg,CLOUDED SULPHUR
Image_2049.jpg,SLEEPY ORANGE
Image_2050.jpg,CLOUDED SULPHUR
Image_2051.jpg,MOURNING CLOAK
Image_2052.jpg,CLOUDED SULPHUR
Image_2053.jpg,PEACOCK
Image_2054.jpg,MOURNING CLOAK
Image_2055.jpg,MOURNING CLOAK
Image_2056.jpg,MOURNING CLOAK
Image_2057.jpg,MOURNING CLOAK
Image_2058.jpg,VICEROY
Image_2059.jpg,MOURNING CLOAK
Image_2060.jpg,MOURNING CLOAK
Image_2061.jpg,CLOUDED SULPHUR
Image_2062.jpg,MOURNING CLOAK
Image_2063.jpg,MOURNING CLOAK
Image_2064.jpg,MOURNING CLOAK
Image_2065.jpg,MOURNING CLOAK
Image_2066.jpg,MOURNING CLOAK
Image_2067.jpg,CLOUDED SULPHUR
Image_2068.jpg,AN 88
Image_2069.jpg,PAPER KITE
Image_2070.jpg,PEACOCK
Image_2071.jpg,MOURNING CLOAK
Image_2072.jpg,MOURNING CLOAK
Image_2073.jpg,MOURNING CLOAK
Image_2074.jpg,MOURNING CLOAK
Image_2075.jpg,MOURNING CLOAK
Image_2076.jpg,MOURNING CLOAK
Image_2077.jpg,MOURNING CLOAK
Image_2078.jpg,MOURNING CLOAK
Image_2079.jpg,MOURNING CLOAK
Image_2080.jpg,MOURNING CLOAK
Image_2081.jpg,CLOUDED SULPHUR
Image_2082.jpg,MOURNING CLOAK
Image_2083.jpg,VICEROY
Image_2084.jpg,MOURNING CLOAK
Image_2085.jpg,ORANGE TIP
Image_2086.jpg,MOURNING CLOAK
Image_2087.jpg,SLEEPY ORANGE
Image_2088.jpg,MOURNING CLOAK
Image_2089.jpg,MOURNING CLOAK
Image_2090.jpg,MOURNING CLOAK
Image_2091.jpg,MOURNING CLOAK
Image_2092.jpg,MOURNING CLOAK
Image_2093.jpg,MOURNING CLOAK
Image_2094.jpg,CLOUDED SULPHUR
Image_2095.jpg,MOURNING CLOAK
Image_2096.jpg,MOURNING CLOAK
Image_2097.jpg,MOURNING CLOAK
Image_2098.jpg,CRECENT
Image_2099.jpg,MOURNING CLOAK
Image_2100.jpg,MOURNING CLOAK
Image_2101.jpg,MOURNING CLOAK
Image_2102.jpg,MOURNING CLOAK
Image_2103.jpg,MOURNING CLOAK
Image_2104.jpg,AN 88
Image_2105.jpg,MONARCH
Image_2106.jpg,MOURNING CLOAK
Image_2107.jpg,CLOUDED SULPHUR
Image_2108.jpg,MOURNING CLOAK
Image_2109.jpg,MOURNING CLOAK
Image_2110.jpg,MOURNING CLOAK
Image_2111.jpg,MOURNING CLOAK
Image_2112.jpg,AFRICAN GIANT SWALLOWTAIL
Image_2113.jpg,MOURNING CLOAK
Image_2114.jpg,MOURNING CLOAK
Image_2115.jpg,MOURNING CLOAK
Image_2116.jpg,MOURNING CLOAK
Image_2117.jpg,MOURNING CLOAK
Image_2118.jpg,MOURNING CLOAK
Image_2119.jpg,MOURNING CLOAK
Image_2120.jpg,MOURNING CLOAK
Image_2121.jpg,MOURNING CLOAK
Image_2122.jpg,MOURNING CLOAK
Image_2123.jpg,CLOUDED SULPHUR
Image_2124.jpg,MOURNING CLOAK
Image_2125.jpg,MOURNING CLOAK
Image_2126.jpg,MOURNING CLOAK
Image_2127.jpg,MOURNING CLOAK
Image_2128.jpg,MOURNING CLOAK
Image_2129.jpg,MOURNING CLOAK
Image_2130.jpg,MOURNING CLOAK
Image_2131.jpg,CRECENT
Image_2132.jpg,MOURNING CLOAK
Image_2133.jpg,MOURNING CLOAK
Image_2134.jpg,MOURNING CLOAK
Image_2135.jpg,CABBAGE WHITE
Image_2136.jpg,MOURNING CLOAK
Image_2137.jpg,MOURNING CLOAK
Image_2138.jpg,STRAITED QUEEN
Image_2139.jpg,MOURNING CLOAK
Image_2140.jpg,MOURNING CLOAK
Image_2141.jpg,MOURNING CLOAK
Image_2142.jpg,MOURNING CLOAK
Image_2143.jpg,MOURNING CLOAK
Image_2144.jpg,MOURNING CLOAK
Image_2145.jpg,MOURNING CLOAK
Image_2146.jpg,MOURNING CLOAK
Image_2147.jpg,MOURNING CLOAK
Image_2148.jpg,MOURNING CLOAK
Image_2149.jpg,MOURNING CLOAK
Image_2150.jpg,SLEEPY ORANGE
Image_2151.jpg,MOURNING CLOAK
Image_2152.jpg,CLOUDED SULPHUR
Image_2153.jpg,MOURNING CLOAK
Image_2154.jpg,MOURNING CLOAK
Image_2155.jpg,MOURNING CLOAK
Image_2156.jpg,MOURNING CLOAK
Image_2157.jpg,MOURNING CLOAK
Image_2158.jpg,MOURNING CLOAK
Image_2159.jpg,MOURNING CLOAK
Image_2160.jpg,MOURNING CLOAK
Image_2161.jpg,MOURNING CLOAK
Image_2162.jpg,MOURNING CLOAK
Image_2163.jpg,MOURNING CLOAK
Image_2164.jpg,VICEROY
Image_2165.jpg,CRECENT
Image_2166.jpg,CABBAGE WHITE
Image_2167.jpg,MOURNING CLOAK
Image_2168.jpg,AFRICAN GIANT SWALLOWTAIL
Image_2169.jpg,VICEROY
Image_2170.jpg,MOURNING CLOAK
Image_2171.jpg,CLOUDED SULPHUR
Image_2172.jpg,MOURNING CLOAK
Image_2173.jpg,MOURNING CLOAK
Image_2174.jpg,MOURNING CLOAK
Image_2175.jpg,MOURNING CLOAK
Image_2176.jpg,MOURNING CLOAK
Image_2177.jpg,PEACOCK
Image_2178.jpg,MOURNING CLOAK
Image_2179.jpg,MOURNING CLOAK
Image_2180.jpg,MOURNING CLOAK
Image_2181.jpg,CRECENT
Image_2182.jpg,CLOUDED SULPHUR
Image_2183.jpg,MOURNING CLOAK
Image_2184.jpg,MOURNING CLOAK
Image_2185.jpg,CABBAGE WHITE
Image_2186.jpg,VICEROY
Image_2187.jpg,MOURNING CLOAK
Image_2188.jpg,MOURNING CLOAK
Image_2189.jpg,MOURNING CLOAK
Image_2190.jpg,PEACOCK
Image_2191.jpg,MOURNING CLOAK
Image_2192.jpg,ORANGE TIP
Image_2193.jpg,MOURNING CLOAK
Image_2194.jpg,MOURNING CLOAK
Image_2195.jpg,MONARCH
Image_2196.jpg,CLOUDED SULPHUR
Image_2197.jpg,CHESTNUT
Image_2198.jpg,CLOUDED SULPHUR
Image_2199.jpg,RED ADMIRAL
Image_2200.jpg,MOURNING CLOAK
Image_2201.jpg,MOURNING CLOAK
Image_2202.jpg,QUESTION MARK
Image_2203.jpg,MOURNING CLOAK
Image_2204.jpg,VICEROY
Image_2205.jpg,MOURNING CLOAK
Image_2206.jpg,MOURNING CLOAK
Image_2207.jpg,MOURNING CLOAK
Image_2208.jpg,MOURNING CLOAK
Image_2209.jpg,CLOUDED SULPHUR
Image_2210.jpg,CHECQUERED SKIPPER
Image_2211.jpg,MOURNING CLOAK
Image_2212.jpg,MOURNING CLOAK
Image_2213.jpg,MOURNING CLOAK
Image_2214.jpg,MOURNING CLOAK
Image_2215.jpg,MOURNING CLOAK
Image_2216.jpg,MOURNING CLOAK
Image_2217.jpg,RED ADMIRAL
Image_2218.jpg,CLOUDED SULPHUR
Image_2219.jpg,MOURNING CLOAK
Image_2220.jpg,SLEEPY ORANGE
Image_2221.jpg,AN 88
Image_2222.jpg,MOURNING CLOAK
Image_2223.jpg,MOURNING CLOAK
Image_2224.jpg,MOURNING CLOAK
Image_2225.jpg,MOURNING CLOAK
Image_2226.jpg,MOURNING CLOAK
Image_2227.jpg,MOURNING CLOAK
Image_2228.jpg,MOURNING CLOAK
Image_2229.jpg,PEACOCK
Image_2230.jpg,MOURNING CLOAK
Image_2231.jpg,MONARCH
Image_2232.jpg,RED ADMIRAL
Image_2233.jpg,MOURNING CLOAK
Image_2234.jpg,MOURNING CLOAK
Image_2235.jpg,SLEEPY ORANGE
Image_2236.jpg,MOURNING CLOAK
Image_2237.jpg,MOURNING CLOAK
Image_2238.jpg,CLOUDED SULPHUR
Image_2239.jpg,CLOUDED SULPHUR
Image_2240.jpg,RED ADMIRAL
Image_2241.jpg,MOURNING CLOAK
Image_2242.jpg,MOURNING CLOAK
Image_2243.jpg,VICEROY
Image_2244.jpg,MOURNING CLOAK
Image_2245.jpg,MOURNING CLOAK
Image_2246.jpg,MOURNING CLOAK
Image_2247.jpg,MOURNING CLOAK
Image_2248.jpg,MOURNING CLOAK
Image_2249.jpg,MOURNING CLOAK
Image_2250.jpg,MOURNING CLOAK
Image_2251.jpg,MOURNING CLOAK
Image_2252.jpg,MOURNING CLOAK
Image_2253.jpg,MOURNING CLOAK
Image_2254.jpg,MOURNING CLOAK
Image_2255.jpg,AN 88
Image_2256.jpg,MOURNING CLOAK
Image_2257.jpg,MOURNING CLOAK
Image_2258.jpg,MOURNING CLOAK
Image_2259.jpg,MOURNING CLOAK
Image_2260.jpg,CRECENT
Image_2261.jpg,MOURNING CLOAK
Image_2262.jpg,MONARCH
Image_2263.jpg,MOURNING CLOAK
Image_2264.jpg,MOURNING CLOAK
Image_2265.jpg,CLOUDED SULPHUR
Image_2266.jpg,MOURNING CLOAK
Image_2267.jpg,CLOUDED SULPHUR
Image_2268.jpg,MOURNING CLOAK
Image_2269.jpg,MOURNING CLOAK
Image_2270.jpg,MOURNING CLOAK
Image_2271.jpg,CRECENT
Image_2272.jpg,SLEEPY ORANGE
Image_2273.jpg,MOURNING CLOAK
Image_2274.jpg,SLEEPY ORANGE
Image_2275.jpg,CABBAGE WHITE
Image_2276.jpg,MOURNING CLOAK
Image_2277.jpg,MOURNING CLOAK
Image_2278.jpg,MOURNING CLOAK
Image_2279.jpg,MOURNING CLOAK
Image_2280.jpg,MOURNING CLOAK
Image_2281.jpg,MOURNING CLOAK
Image_2282.jpg,MOURNING CLOAK
Image_2283.jpg,SLEEPY ORANGE
Image_2284.jpg,MOURNING CLOAK
Image_2285.jpg,MOURNING CLOAK
Image_2286.jpg,MOURNING CLOAK
Image_2287.jpg,MOURNING CLOAK
Image_2288.jpg,MOURNING CLOAK
Image_2289.jpg,CABBAGE WHITE
Image_2290.jpg,MOURNING CLOAK
Image_2291.jpg,MOURNING CLOAK
Image_2292.jpg,CLOUDED SULPHUR
Image_2293.jpg,MOURNING CLOAK
Image_2294.jpg,MOURNING CLOAK
Image_2295.jpg,CLOUDED SULPHUR
Image_2296.jpg,MOURNING CLOAK
Image_2297.jpg,MOURNING CLOAK
Image_2298.jpg,ORANGE TIP
Image_2299.jpg,AN 88
Image_2300.jpg,MOURNING CLOAK
Image_2301.jpg,MOURNING CLOAK
Image_2302.jpg,MOURNING CLOAK
Image_2303.jpg,MOURNING CLOAK
Image_2304.jpg,MOURNING CLOAK
Image_2305.jpg,PEACOCK
Image_2306.jpg,CLOUDED SULPHUR
Image_2307.jpg,MOURNING CLOAK
Image_2308.jpg,VICEROY
Image_2309.jpg,MOURNING CLOAK
Image_2310.jpg,MOURNING CLOAK
Image_2311.jpg,MOURNING CLOAK
Image_2312.jpg,MOURNING CLOAK
Image_2313.jpg,MOURNING CLOAK
Image_2314.jpg,MOURNING CLOAK
Image_2315.jpg,MOURNING CLOAK
Image_2316.jpg,MOURNING CLOAK
Image_2317.jpg,MOURNING CLOAK
Image_2318.jpg,MOURNING CLOAK
Image_2319.jpg,MOURNING CLOAK
Image_2320.jpg,MOURNING CLOAK
Image_2321.jpg,CLOUDED SULPHUR
Image_2322.jpg,MOURNING CLOAK
Image_2323.jpg,MOURNING CLOAK
Image_2324.jpg,CLOUDED SULPHUR
Image_2325.jpg,MOURNING CLOAK
Image_2326.jpg,MOURNING CLOAK
Image_2327.jpg,MOURNING CLOAK
Image_2328.jpg,AN 88
Image_2329.jpg,CRECENT
Image_2330.jpg,CLOUDED SULPHUR
Image_2331.jpg,MOURNING CLOAK
Image_2332.jpg,MOURNING CLOAK
Image_2333.jpg,CLOUDED SULPHUR
Image_2334.jpg,MOURNING CLOAK
Image_2335.jpg,MOURNING CLOAK
Image_2336.jpg,MOURNING CLOAK
Image_2337.jpg,MOURNING CLOAK
Image_2338.jpg,RED ADMIRAL
Image_2339.jpg,MOURNING CLOAK
Image_2340.jpg,CLOUDED SULPHUR
Image_2341.jpg,MOURNING CLOAK
Image_2342.jpg,AN 88
Image_2343.jpg,CLOUDED SULPHUR
Image_2344.jpg,MOURNING CLOAK
Image_2345.jpg,CLOUDED SULPHUR
Image_2346.jpg,VICEROY
Image_2347.jpg,MOURNING CLOAK
Image_2348.jpg,MOURNING CLOAK
Image_2349.jpg,MOURNING CLOAK
Image_2350.jpg,MOURNING CLOAK
Image_2351.jpg,MOURNING CLOAK
Image_2352.jpg,MOURNING CLOAK
Image_2353.jpg,MONARCH
Image_2354.jpg,MOURNING CLOAK
Image_2355.jpg,MOURNING CLOAK
Image_2356.jpg,MOURNING CLOAK
Image_2357.jpg,MOURNING CLOAK
Image_2358.jpg,MOURNING CLOAK
Image_2359.jpg,MOURNING CLOAK
Image_2360.jpg,MOURNING CLOAK
Image_2361.jpg,CABBAGE WHITE
Image_2362.jpg,MOURNING CLOAK
Image_2363.jpg,MOURNING CLOAK
Image_2364.jpg,MOURNING CLOAK
Image_2365.jpg,MOURNING CLOAK
Image_2366.jpg,VICEROY
Image_2367.jpg,MOURNING CLOAK
Image_2368.jpg,MOURNING CLOAK
Image_2369.jpg,MOURNING CLOAK
Image_2370.jpg,MOURNING CLOAK
Image_2371.jpg,RED ADMIRAL
Image_2372.jpg,MOURNING CLOAK
Image_2373.jpg,MOURNING CLOAK
Image_2374.jpg,MOURNING CLOAK
Image_2375.jpg,MOURNING CLOAK
Image_2376.jpg,CLOUDED SULPHUR
Image_2377.jpg,MOURNING CLOAK
Image_2378.jpg,CLOUDED SULPHUR
Image_2379.jpg,CLOUDED SULPHUR
Image_2380.jpg,MOURNING CLOAK
Image_2381.jpg,MOURNING CLOAK
Image_2382.jpg,MOURNING CLOAK
Image_2383.jpg,MOURNING CLOAK
Image_2384.jpg,MOURNING CLOAK
Image_2385.jpg,MOURNING CLOAK
Image_2386.jpg,MOURNING CLOAK
Image_2387.jpg,MOURNING CLOAK
Image_2388.jpg,ELBOWED PIERROT
Image_2389.jpg,MOURNING CLOAK
Image_2390.jpg,MOURNING CLOAK
Image_2391.jpg,MOURNING CLOAK
Image_2392.jpg,QUESTION MARK
Image_2393.jpg,MOURNING CLOAK
Image_2394.jpg,ELBOWED PIERROT
Image_2395.jpg,MOURNING CLOAK
Image_2396.jpg,MOURNING CLOAK
Image_2397.jpg,MOURNING CLOAK
Image_2398.jpg,MOURNING CLOAK
Image_2399.jpg,PURPLISH COPPER
Image_2400.jpg,MOURNING CLOAK
Image_2401.jpg,VICEROY
Image_2402.jpg,MOURNING CLOAK
Image_2403.jpg,CRECENT
Image_2404.jpg,MOURNING CLOAK
Image_2405.jpg,MOURNING CLOAK
Image_2406.jpg,ELBOWED PIERROT
Image_2407.jpg,CABBAGE WHITE
Image_2408.jpg,MOURNING CLOAK
Image_2409.jpg,MOURNING CLOAK
Image_2410.jpg,MOURNING CLOAK
Image_2411.jpg,ELBOWED PIERROT
Image_2412.jpg,SLEEPY ORANGE
Image_2413.jpg,MOURNING CLOAK
Image_2414.jpg,MOURNING CLOAK
Image_2415.jpg,ORANGE TIP
Image_2416.jpg,MOURNING CLOAK
Image_2417.jpg,MOURNING CLOAK
Image_2418.jpg,MOURNING CLOAK
Image_2419.jpg,MOURNING CLOAK
Image_2420.jpg,CLOUDED SULPHUR
Image_2421.jpg,ELBOWED PIERROT
Image_2422.jpg,MOURNING CLOAK
Image_2423.jpg,MOURNING CLOAK
Image_2424.jpg,MOURNING CLOAK
Image_2425.jpg,CLOUDED SULPHUR
Image_2426.jpg,PAPER KITE
Image_2427.jpg,MOURNING CLOAK
Image_2428.jpg,MOURNING CLOAK
Image_2429.jpg,CLOUDED SULPHUR
Image_2430.jpg,MOURNING CLOAK
Image_2431.jpg,MOURNING CLOAK
Image_2432.jpg,PEACOCK
Image_2433.jpg,MOURNING CLOAK
Image_2434.jpg,MOURNING CLOAK
Image_2435.jpg,QUESTION MARK
Image_2436.jpg,MOURNING CLOAK
Image_2437.jpg,MOURNING CLOAK
Image_2438.jpg,MOURNING CLOAK
Image_2439.jpg,MOURNING CLOAK
Image_2440.jpg,MOURNING CLOAK
Image_2441.jpg,MOURNING CLOAK
Image_2442.jpg,MOURNING CLOAK
Image_2443.jpg,CRECENT
Image_2444.jpg,MOURNING CLOAK
Image_2445.jpg,SLEEPY ORANGE
Image_2446.jpg,MOURNING CLOAK
Image_2447.jpg,MOURNING CLOAK
Image_2448.jpg,MOURNING CLOAK
Image_2449.jpg,MOURNING CLOAK
Image_2450.jpg,MOURNING CLOAK
Image_2451.jpg,MOURNING CLOAK
Image_2452.jpg,MOURNING CLOAK
Image_2453.jpg,MOURNING CLOAK
Image_2454.jpg,MOURNING CLOAK
Image_2455.jpg,MOURNING CLOAK
Image_2456.jpg,MOURNING CLOAK
Image_2457.jpg,MOURNING CLOAK
Image_2458.jpg,MOURNING CLOAK
Image_2459.jpg,MOURNING CLOAK
Image_2460.jpg,MOURNING CLOAK
Image_2461.jpg,MOURNING CLOAK
Image_2462.jpg,MOURNING CLOAK
Image_2463.jpg,MOURNING CLOAK
Image_2464.jpg,MOURNING CLOAK
Image_2465.jpg,MOURNING CLOAK
Image_2466.jpg,MOURNING CLOAK
Image_2467.jpg,MOURNING CLOAK
Image_2468.jpg,MOURNING CLOAK
Image_2469.jpg,CLOUDED SULPHUR
Image_2470.jpg,MOURNING CLOAK
Image_2471.jpg,MOURNING CLOAK
Image_2472.jpg,MOURNING CLOAK
Image_2473.jpg,VICEROY
Image_2474.jpg,MOURNING CLOAK
Image_2475.jpg,MOURNING CLOAK
Image_2476.jpg,MOURNING CLOAK
Image_2477.jpg,MONARCH
Image_2478.jpg,MOURNING CLOAK
Image_2479.jpg,VICEROY
Image_2480.jpg,MOURNING CLOAK
Image_2481.jpg,BANDED ORANGE HELICONIAN
Image_2482.jpg,CLOUDED SULPHUR
Image_2483.jpg,MOURNING CLOAK
Image_2484.jpg,MOURNING CLOAK
Image_2485.jpg,MOURNING CLOAK
Image_2486.jpg,CLOUDED SULPHUR
Image_2487.jpg,MOURNING CLOAK
Image_2488.jpg,MOURNING CLOAK
Image_2489.jpg,MOURNING CLOAK
Image_2490.jpg,MOURNING CLOAK
Image_2491.jpg,MOURNING CLOAK
Image_2492.jpg,MOURNING CLOAK
Image_2493.jpg,CLOUDED SULPHUR
Image_2494.jpg,MOURNING CLOAK
Image_2495.jpg,MOURNING CLOAK
Image_2496.jpg,MOURNING CLOAK
Image_2497.jpg,RED ADMIRAL
Image_2498.jpg,MOURNING CLOAK
Image_2499.jpg,MOURNING CLOAK
Image_2500.jpg,MOURNING CLOAK
Image_2501.jpg,MOURNING CLOAK
Image_2502.jpg,MONARCH
Image_2503.jpg,MOURNING CLOAK
Image_2504.jpg,MOURNING CLOAK
Image_2505.jpg,MOURNING CLOAK
Image_2506.jpg,CLOUDED SULPHUR
Image_2507.jpg,MOURNING CLOAK
Image_2508.jpg,CLOUDED SULPHUR
Image_2509.jpg,MOURNING CLOAK
Image_2510.jpg,MOURNING CLOAK
Image_2511.jpg,AFRICAN GIANT SWALLOWTAIL
Image_2512.jpg,AN 88
Image_2513.jpg,RED ADMIRAL
Image_2514.jpg,MOURNING CLOAK
Image_2515.jpg,MOURNING CLOAK
Image_2516.jpg,MOURNING CLOAK
Image_2517.jpg,MOURNING CLOAK
Image_2518.jpg,MOURNING CLOAK
Image_2519.jpg,MOURNING CLOAK
Image_2520.jpg,MOURNING CLOAK
Image_2521.jpg,MOURNING CLOAK
Image_2522.jpg,MOURNING CLOAK
Image_2523.jpg,MOURNING CLOAK
Image_2524.jpg,MOURNING CLOAK
Image_2525.jpg,PEACOCK
Image_2526.jpg,MOURNING CLOAK
Image_2527.jpg,MOURNING CLOAK
Image_2528.jpg,MOURNING CLOAK
Image_2529.jpg,MOURNING CLOAK
Image_2530.jpg,RED ADMIRAL
Image_2531.jpg,MOURNING CLOAK
Image_2532.jpg,MOURNING CLOAK
Image_2533.jpg,AFRICAN GIANT SWALLOWTAIL
Image_2534.jpg,STRAITED QUEEN
Image_2535.jpg,MOURNING CLOAK
Image_2536.jpg,PEACOCK
Image_2537.jpg,MOURNING CLOAK
Image_2538.jpg,CLOUDED SULPHUR
Image_2539.jpg,MOURNING CLOAK
Image_2540.jpg,VICEROY
Image_2541.jpg,MOURNING CLOAK
Image_2542.jpg,MOURNING CLOAK
Image_2543.jpg,MOURNING CLOAK
Image_2544.jpg,MOURNING CLOAK
Image_2545.jpg,MOURNING CLOAK
Image_2546.jpg,MOURNING CLOAK
Image_2547.jpg,MOURNING CLOAK
Image_2548.jpg,MOURNING CLOAK
Image_2549.jpg,AFRICAN GIANT SWALLOWTAIL
Image_2550.jpg,CLOUDED SULPHUR
Image_2551.jpg,MOURNING CLOAK
Image_2552.jpg,MOURNING CLOAK
Image_2553.jpg,MOURNING CLOAK
Image_2554.jpg,MOURNING CLOAK
Image_2555.jpg,MOURNING CLOAK
Image_2556.jpg,MOURNING CLOAK
Image_2557.jpg,MOURNING CLOAK
Image_2558.jpg,MOURNING CLOAK
Image_2559.jpg,ORANGE TIP
Image_2560.jpg,AN 88
Image_2561.jpg,MOURNING CLOAK
Image_2562.jpg,CLOUDED SULPHUR
Image_2563.jpg,ORANGE TIP
Image_2564.jpg,SLEEPY ORANGE
Image_2565.jpg,MOURNING CLOAK
Image_2566.jpg,MOURNING CLOAK
Image_2567.jpg,MOURNING CLOAK
Image_2568.jpg,MOURNING CLOAK
Image_2569.jpg,MOURNING CLOAK
Image_2570.jpg,MOURNING CLOAK
Image_2571.jpg,MOURNING CLOAK
Image_2572.jpg,MOURNING CLOAK
Image_2573.jpg,MOURNING CLOAK
Image_2574.jpg,CLOUDED SULPHUR
Image_2575.jpg,MOURNING CLOAK
Image_2576.jpg,MOURNING CLOAK
Image_2577.jpg,MOURNING CLOAK
Image_2578.jpg,MOURNING CLOAK
Image_2579.jpg,MOURNING CLOAK
Image_2580.jpg,MOURNING CLOAK
Image_2581.jpg,MOURNING CLOAK
Image_2582.jpg,MOURNING CLOAK
Image_2583.jpg,SLEEPY ORANGE
Image_2584.jpg,RED ADMIRAL
Image_2585.jpg,MOURNING CLOAK
Image_2586.jpg,MOURNING CLOAK
Image_2587.jpg,MOURNING CLOAK
Image_2588.jpg,VICEROY
Image_2589.jpg,MOURNING CLOAK
Image_2590.jpg,MOURNING CLOAK
Image_2591.jpg,MOURNING CLOAK
Image_2592.jpg,MOURNING CLOAK
Image_2593.jpg,ORANGE TIP
Image_2594.jpg,MOURNING CLOAK
Image_2595.jpg,RED ADMIRAL
Image_2596.jpg,MOURNING CLOAK
Image_2597.jpg,MOURNING CLOAK
Image_2598.jpg,MOURNING CLOAK
Image_2599.jpg,VICEROY
Image_2600.jpg,MOURNING CLOAK
Image_2601.jpg,MOURNING CLOAK
Image_2602.jpg,MOURNING CLOAK
Image_2603.jpg,ELBOWED PIERROT
Image_2604.jpg,MOURNING CLOAK
Image_2605.jpg,MOURNING CLOAK
Image_2606.jpg,MOURNING CLOAK
Image_2607.jpg,MOURNING CLOAK
Image_2608.jpg,ORANGE TIP
Image_2609.jpg,MOURNING CLOAK
Image_2610.jpg,MOURNING CLOAK
Image_2611.jpg,MOURNING CLOAK
Image_2612.jpg,MOURNING CLOAK
Image_2613.jpg,MOURNING CLOAK
Image_2614.jpg,MOURNING CLOAK
Image_2615.jpg,AN 88
Image_2616.jpg,CLOUDED SULPHUR
Image_2617.jpg,MOURNING CLOAK
Image_2618.jpg,VICEROY
Image_2619.jpg,MOURNING CLOAK
Image_2620.jpg,MOURNING CLOAK
Image_2621.jpg,MOURNING CLOAK
Image_2622.jpg,MOURNING CLOAK
Image_2623.jpg,MOURNING CLOAK
Image_2624.jpg,MOURNING CLOAK
Image_2625.jpg,ORANGE TIP
Image_2626.jpg,MOURNING CLOAK
Image_2627.jpg,MOURNING CLOAK
Image_2628.jpg,MOURNING CLOAK
Image_2629.jpg,MOURNING CLOAK
Image_2630.jpg,MOURNING CLOAK
Image_2631.jpg,MOURNING CLOAK
Image_2632.jpg,CLOUDED SULPHUR
Image_2633.jpg,MOURNING CLOAK
Image_2634.jpg,MOURNING CLOAK
Image_2635.jpg,MOURNING CLOAK
Image_2636.jpg,MOURNING CLOAK
Image_2637.jpg,MOURNING CLOAK
Image_2638.jpg,CLOUDED SULPHUR
Image_2639.jpg,MOURNING CLOAK
Image_2640.jpg,MOURNING CLOAK
Image_2641.jpg,MOURNING CLOAK
Image_2642.jpg,MOURNING CLOAK
Image_2643.jpg,MOURNING CLOAK
Image_2644.jpg,GREY HAIRSTREAK
Image_2645.jpg,MOURNING CLOAK
Image_2646.jpg,MOURNING CLOAK
Image_2647.jpg,MOURNING CLOAK
Image_2648.jpg,MOURNING CLOAK
Image_2649.jpg,MOURNING CLOAK
Image_2650.jpg,STRAITED QUEEN
Image_2651.jpg,MOURNING CLOAK
Image_2652.jpg,MOURNING CLOAK
Image_2653.jpg,MOURNING CLOAK
Image_2654.jpg,CHESTNUT
Image_2655.jpg,MOURNING CLOAK
Image_2656.jpg,ORANGE TIP
Image_2657.jpg,MOURNING CLOAK
Image_2658.jpg,MOURNING CLOAK
Image_2659.jpg,MOURNING CLOAK
Image_2660.jpg,MOURNING CLOAK
Image_2661.jpg,MONARCH
Image_2662.jpg,MOURNING CLOAK
Image_2663.jpg,SLEEPY ORANGE
Image_2664.jpg,MOURNING CLOAK
Image_2665.jpg,AFRICAN GIANT SWALLOWTAIL
Image_2666.jpg,MOURNING CLOAK
Image_2667.jpg,CRECENT
Image_2668.jpg,MOURNING CLOAK
Image_2669.jpg,MOURNING CLOAK
Image_2670.jpg,MOURNING CLOAK
Image_2671.jpg,VICEROY
Image_2672.jpg,MOURNING CLOAK
Image_2673.jpg,MOURNING CLOAK
Image_2674.jpg,MOURNING CLOAK
Image_2675.jpg,MOURNING CLOAK
Image_2676.jpg,MOURNING CLOAK
Image_2677.jpg,MOURNING CLOAK
Image_2678.jpg,MOURNING CLOAK
Image_2679.jpg,MOURNING CLOAK
Image_2680.jpg,MOURNING CLOAK
Image_2681.jpg,MOURNING CLOAK
Image_2682.jpg,AN 88
Image_2683.jpg,MOURNING CLOAK
Image_2684.jpg,PEACOCK
Image_2685.jpg,MOURNING CLOAK
Image_2686.jpg,MOURNING CLOAK
Image_2687.jpg,MOURNING CLOAK
Image_2688.jpg,MOURNING CLOAK
Image_2689.jpg,MOURNING CLOAK
Image_2690.jpg,MOURNING CLOAK
Image_2691.jpg,MOURNING CLOAK
Image_2692.jpg,MOURNING CLOAK
Image_2693.jpg,MOURNING CLOAK
Image_2694.jpg,MOURNING CLOAK
Image_2695.jpg,MOURNING CLOAK
Image_2696.jpg,MOURNING CLOAK
Image_2697.jpg,MOURNING CLOAK
Image_2698.jpg,MOURNING CLOAK
Image_2699.jpg,MOURNING CLOAK
Image_2700.jpg,MOURNING CLOAK
Image_2701.jpg,MOURNING CLOAK
Image_2702.jpg,MOURNING CLOAK
Image_2703.jpg,MOURNING CLOAK
Image_2704.jpg,MOURNING CLOAK
Image_2705.jpg,SLEEPY ORANGE
Image_2706.jpg,MOURNING CLOAK
Image_2707.jpg,MOURNING CLOAK
Image_2708.jpg,MOURNING CLOAK
Image_2709.jpg,MOURNING CLOAK
Image_2710.jpg,MOURNING CLOAK
Image_2711.jpg,MOURNING CLOAK
Image_2712.jpg,SLEEPY ORANGE
Image_2713.jpg,MOURNING CLOAK
Image_2714.jpg,MOURNING CLOAK
Image_2715.jpg,MOURNING CLOAK
Image_2716.jpg,MOURNING CLOAK
Image_2717.jpg,MOURNING CLOAK
Image_2718.jpg,MOURNING CLOAK
Image_2719.jpg,MOURNING CLOAK
Image_2720.jpg,BANDED ORANGE HELICONIAN
Image_2721.jpg,CRECENT
Image_2722.jpg,MOURNING CLOAK
Image_2723.jpg,MOURNING CLOAK
Image_2724.jpg,ORANGE TIP
Image_2725.jpg,QUESTION MARK
Image_2726.jpg,MOURNING CLOAK
Image_2727.jpg,VICEROY
Image_2728.jpg,VICEROY
Image_2729.jpg,MOURNING CLOAK
Image_2730.jpg,MOURNING CLOAK
Image_2731.jpg,PEACOCK
Image_2732.jpg,MONARCH
Image_2733.jpg,SLEEPY ORANGE
Image_2734.jpg,MOURNING CLOAK
Image_2735.jpg,MOURNING CLOAK
Image_2736.jpg,MOURNING CLOAK
Image_2737.jpg,MOURNING CLOAK
Image_2738.jpg,MOURNING CLOAK
Image_2739.jpg,MOURNING CLOAK
Image_2740.jpg,MOURNING CLOAK
Image_2741.jpg,CRECENT
Image_2742.jpg,MOURNING CLOAK
Image_2743.jpg,MOURNING CLOAK
Image_2744.jpg,MOURNING CLOAK
Image_2745.jpg,MOURNING CLOAK
Image_2746.jpg,MOURNING CLOAK
Image_2747.jpg,CLOUDED SULPHUR
Image_2748.jpg,CLOUDED SULPHUR
Image_2749.jpg,MOURNING CLOAK
Image_2750.jpg,MOURNING CLOAK
Image_2751.jpg,MOURNING CLOAK
Image_2752.jpg,MOURNING CLOAK
Image_2753.jpg,CLOUDED SULPHUR
Image_2754.jpg,MOURNING CLOAK
Image_2755.jpg,AN 88
Image_2756.jpg,MOURNING CLOAK
Image_2757.jpg,MOURNING CLOAK
Image_2758.jpg,MOURNING CLOAK
Image_2759.jpg,MOURNING CLOAK
Image_2760.jpg,MOURNING CLOAK
Image_2761.jpg,MOURNING CLOAK
Image_2762.jpg,MOURNING CLOAK
Image_2763.jpg,MOURNING CLOAK
Image_2764.jpg,VICEROY
Image_2765.jpg,MOURNING CLOAK
Image_2766.jpg,MOURNING CLOAK
Image_2767.jpg,MOURNING CLOAK
Image_2768.jpg,MOURNING CLOAK
Image_2769.jpg,MOURNING CLOAK
Image_2770.jpg,CABBAGE WHITE
Image_2771.jpg,MOURNING CLOAK
Image_2772.jpg,MOURNING CLOAK
Image_2773.jpg,MOURNING CLOAK
Image_2774.jpg,MOURNING CLOAK
Image_2775.jpg,MOURNING CLOAK
Image_2776.jpg,MOURNING CLOAK
Image_2777.jpg,MOURNING CLOAK
Image_2778.jpg,MOURNING CLOAK
Image_2779.jpg,SLEEPY ORANGE
Image_2780.jpg,MOURNING CLOAK
Image_2781.jpg,MOURNING CLOAK
Image_2782.jpg,MOURNING CLOAK
Image_2783.jpg,CLOUDED SULPHUR
Image_2784.jpg,MOURNING CLOAK
Image_2785.jpg,MOURNING CLOAK
Image_2786.jpg,CHECQUERED SKIPPER
